Reaction_ID,Se_axen_d4_1,Se_axen_d4_2,Se_axen_d4_3,Se_axen_d6_1,Se_axen_d6_2,Se_axen_d6_3,Se_axen_d8_1,Se_axen_d8_2,Se_axen_d8_3
DTMPK,1810.0,2030.0,1568.0,2020.0,1758.0,1736.0,946.0,1376.0,1598.0
ACOATA,4691.0,5294.0,3826.0,4813.0,4716.0,4054.0,1790.0,3524.0,3105.0
3HAD160,1636.0,1826.0,1332.0,1591.0,1476.0,999.0,711.0,1132.0,1436.0
RNDR3,28195.0,26841.0,22287.0,19726.0,17817.0,15050.0,12523.0,10904.0,9458.0
G5SD,20578.0,23123.0,19829.0,25519.0,20047.0,20535.0,12402.0,16955.0,19772.0
HISTDa,22946.0,25799.0,22763.0,29749.0,24686.0,26093.0,15009.0,23037.0,23684.0
TRPS3,3922.0,4500.0,3382.0,4196.0,3584.0,3638.0,2308.0,3407.0,3780.0
DMBZIDS2,11214.0,12125.0,10260.0,11519.0,10167.0,9387.0,5912.0,8199.0,7513.0
HSTPT,17080.0,17425.0,15619.0,17314.0,14256.0,13424.0,8566.0,11774.0,11645.0
ZCAROTDH2,7909.0,8136.0,6940.0,7471.0,7304.0,6960.0,3520.0,5678.0,4576.0
ORNDC,2104.0,2436.0,2074.0,2268.0,2042.0,2331.0,1200.0,1620.0,1338.0
GND,43912.0,46246.0,46504.0,47371.0,43195.0,47818.0,23938.0,24796.0,24381.0
CMPA_1,1757.0,1788.0,1502.0,1560.0,1312.0,1352.0,792.0,900.0,986.0
U23GAAT2,6656.0,7091.0,6144.0,7430.0,5728.0,6386.0,3714.0,4956.0,5333.0
HOXGfx,59661.0,62511.0,54756.0,52127.0,46482.0,49066.0,55792.0,33220.0,33706.0
PGK,15221.0,17922.0,13315.0,12038.0,12568.0,10169.0,7684.0,9472.0,6472.0
IMPD,53754.0,58310.0,51110.0,47165.0,46846.0,47413.0,29540.0,39675.0,34422.0
LPOR,18106.0,18791.0,19280.0,13080.0,10733.0,12357.0,14278.0,8028.0,8732.0
CHRPL,4183.0,4307.0,3429.0,5941.0,4852.0,5620.0,1866.0,4611.0,4315.0
GCALDDy,12243.0,12806.0,11344.0,12374.0,11507.0,12261.0,7019.0,9589.0,7846.0
MSBENZMT,2696.0,2884.0,2438.0,3315.0,2438.0,2736.0,1396.0,2194.0,2418.0
DESAT18a,44589.0,48760.0,40067.0,49706.0,43013.0,44423.0,27056.0,37017.0,37000.0
FUM,4916.0,4558.0,4309.0,4582.0,3913.0,3816.0,2424.0,2932.0,2662.0
PHYFXOR,5735.0,6357.0,5760.0,6890.0,5413.0,5611.0,6162.0,4047.0,4882.0
TMPPP_1,15153.0,15841.0,13773.0,16987.0,14474.0,17524.0,7956.0,11197.0,11864.0
VPAMTr,12127.0,14008.0,10668.0,13477.0,12729.0,11748.0,5990.0,10882.0,8448.0
RNDR1,28195.0,26841.0,22287.0,19726.0,17817.0,15050.0,12523.0,10904.0,9458.0
TALA,102021.0,108421.0,116359.0,120107.0,97158.0,109674.0,56167.0,77717.0,76248.0
GLYCL,2359.0,2564.0,2224.0,2010.0,1859.0,1770.0,1031.0,1156.0,1507.0
ACONT,48088.0,50284.0,45057.0,51332.0,43013.0,49215.0,27395.0,39800.0,40206.0
NDPK7,19433.0,19279.0,18559.0,18909.0,15072.0,18688.0,12498.0,11169.0,10601.0
GTPCI,14653.0,15837.0,11718.0,14472.0,13002.0,12837.0,6330.0,11279.0,8917.0
AIRC2,2306.0,2370.0,2042.0,1954.0,1900.0,1978.0,996.0,1426.0,1272.0
IGPS,9261.0,9956.0,9293.0,8070.0,7475.0,7893.0,5137.0,5580.0,5118.0
MTAP,3328.0,3414.0,3044.0,3338.0,2444.0,2921.0,1517.0,2006.0,2086.0
HEMEAS_1,2386.0,2114.0,1834.0,2541.0,1660.0,1758.0,1006.0,1188.0,2312.0
DHORD3um,2752.0,3250.0,2648.0,2908.0,2810.0,2764.0,1442.0,2282.0,2068.0
MTHFC,7233.0,7768.0,6809.0,7842.0,6340.0,6694.0,3916.0,4960.0,5803.0
HBZNPT,9292.0,9624.0,8307.0,9570.0,7222.0,7424.0,5869.0,6108.0,6836.0
GCATENEC,5326.0,5534.0,4376.0,4917.0,4539.0,4106.0,2266.0,3411.0,3257.0
COCHL_1,6004.0,6159.0,5350.0,6135.0,5482.0,5674.0,2998.0,4029.0,3816.0
HSDy,11664.0,13179.0,10293.0,11473.0,10988.0,11303.0,6044.0,9021.0,8497.0
TRPS1,3922.0,4500.0,3382.0,4196.0,3584.0,3638.0,2308.0,3407.0,3780.0
HISTDb,22946.0,25799.0,22763.0,29749.0,24686.0,26093.0,15009.0,23037.0,23684.0
UPPDC1,12576.0,13554.0,10672.0,10369.0,10566.0,9836.0,6284.0,7417.0,6680.0
GARFT,1868.0,1950.0,1988.0,2074.0,1662.0,2088.0,1152.0,1226.0,1159.0
H4THDPR,4496.0,4977.0,4015.0,4399.0,3787.0,3424.0,2311.0,3190.0,3575.0
UDPG4E,1556.0,1584.0,1214.0,1282.0,1248.0,1113.0,686.0,848.0,946.0
GLCS3,8391.0,8760.0,7023.0,7153.0,7288.0,6801.0,4005.0,4856.0,3712.0
AICART,10484.0,11220.0,10592.0,11727.0,8959.0,10968.0,7110.0,7533.0,8430.0
ASPTA,5045.0,6249.0,4732.0,4953.0,4668.0,4555.0,3278.0,3812.0,3690.0
GLYOX,3118.0,3138.0,3054.0,3064.0,2690.0,3123.0,1578.0,2108.0,1842.0
PRAGSr,6056.0,7164.0,5146.0,5920.0,5710.0,5754.0,2712.0,4352.0,3753.0
SQD1,129770.0,118377.0,114735.0,155223.0,118539.0,139724.0,64609.0,93139.0,92324.0
ACKr,14884.0,13849.0,11917.0,15304.0,11581.0,12101.0,5206.0,7587.0,8633.0
UDCPDPS,3732.0,4294.0,3121.0,4256.0,3406.0,3498.0,1938.0,2518.0,2880.0
GK1,1122.0,1226.0,1004.0,972.0,1082.0,788.0,628.0,648.0,609.0
SHKK,1746.0,1695.0,1548.0,1760.0,1345.0,1666.0,932.0,1194.0,1590.0
OXADC,15773.0,16167.0,16831.0,11083.0,11201.0,13859.0,7948.0,5221.0,5798.0
G1PACT,3682.0,3932.0,3260.0,3380.0,3010.0,2908.0,1829.0,2264.0,1766.0
3HAD60,1636.0,1826.0,1332.0,1591.0,1476.0,999.0,711.0,1132.0,1436.0
PGI,22266.0,26241.0,21650.0,20342.0,21535.0,22306.0,10293.0,14347.0,12214.0
KAS14,35729.0,39927.0,34178.0,31131.0,31799.0,31333.0,19371.0,26237.0,21407.0
OHPBAT,13731.0,14420.0,11704.0,10430.0,9779.0,9555.0,10179.0,6355.0,5902.0
3HAD80,1636.0,1826.0,1332.0,1591.0,1476.0,999.0,711.0,1132.0,1436.0
3OAR160,2234.0,2534.0,2060.0,1930.0,1828.0,1535.0,1104.0,1304.0,1319.0
NMNS,530.0,472.0,372.0,450.0,406.0,430.0,190.0,294.0,292.0
PPK,9973.0,10640.0,9113.0,9781.0,9431.0,9302.0,4070.0,6170.0,5670.0
GALUi,5692.0,6025.0,4445.0,4646.0,4692.0,3575.0,2436.0,3582.0,3056.0
PHYTES2_1,14202.0,13930.0,10849.0,13346.0,10931.0,12387.0,6730.0,8226.0,7966.0
IGPDH,17104.0,18398.0,17124.0,18036.0,14861.0,16848.0,10591.0,13138.0,13516.0
OMPDC,4516.0,4581.0,3758.0,3916.0,3156.0,3095.0,1924.0,2424.0,2392.0
DCTPD,75.0,122.0,82.0,122.0,96.0,94.0,64.0,70.0,66.0
GLUSfx,259875.0,275625.0,256608.0,281632.0,233941.0,256999.0,144077.0,193588.0,196697.0
NADS2,5465.0,5850.0,5170.0,6162.0,5595.0,5953.0,2696.0,4781.0,4976.0
GLUTRR,11592.0,12659.0,10853.0,12525.0,10669.0,11397.0,6336.0,9653.0,9871.0
G1PTT,3479.0,3503.0,2741.0,3598.0,2938.0,2592.0,1298.0,2104.0,1830.0
UAMAGS,2640.0,3036.0,2446.0,2302.0,2602.0,2552.0,1192.0,1782.0,1724.0
SPS,19067.0,21066.0,17864.0,22594.0,20297.0,19446.0,11925.0,18905.0,15347.0
ADCL,1092.0,1156.0,1022.0,1420.0,1138.0,1166.0,582.0,790.0,926.0
CYTK1,3110.0,3586.0,2848.0,2870.0,2570.0,2526.0,1506.0,2142.0,2302.0
DAPDC,37037.0,38023.0,35908.0,39259.0,30162.0,33673.0,21440.0,23764.0,25828.0
PSIum,5360.0,6304.0,5565.0,4269.0,4361.0,4092.0,4530.0,3076.0,3007.0
R05219,1054.0,1018.0,834.0,896.0,894.0,858.0,500.0,766.0,820.0
Cobalt2abcppI,807.0,920.0,675.0,716.0,838.0,724.0,390.0,634.0,496.0
PFK_3,3074.0,3264.0,2814.0,3112.0,2502.0,2854.0,1678.0,1874.0,1966.0
THRS,63399.0,75156.0,62531.0,61225.0,68100.0,71028.0,33214.0,50263.0,45228.0
NAMNPP,530.0,472.0,372.0,450.0,406.0,430.0,190.0,294.0,292.0
FOLD3,1382.0,1758.0,1524.0,1347.0,1419.0,1471.0,714.0,956.0,1130.0
P5CR,1796.0,2036.0,1524.0,1486.0,1498.0,1088.0,858.0,1182.0,1246.0
MEHLER_1,18087.0,19288.0,18870.0,18960.0,18344.0,20880.0,10265.0,15340.0,14478.0
ICHORS,8368.0,8945.0,7859.0,10761.0,7859.0,9011.0,6546.0,8136.0,9556.0
3OAS140,35729.0,39927.0,34178.0,31131.0,31799.0,31333.0,19371.0,26237.0,21407.0
PPK2,9973.0,10640.0,9113.0,9781.0,9431.0,9302.0,4070.0,6170.0,5670.0
IPDPS_syn,14223.0,15699.0,12840.0,14544.0,13647.0,12831.0,7010.0,11494.0,11778.0
GLYDHDA,7043.0,7458.0,5689.0,6202.0,5378.0,5514.0,3378.0,4537.0,3648.0
SBP,21437.0,22257.0,18220.0,14551.0,15502.0,14610.0,14404.0,10844.0,7918.0
H4THDPS,23733.0,25226.0,19654.0,27112.0,22290.0,21448.0,11252.0,19763.0,21896.0
EAR60y,3429.0,3898.0,2942.0,2835.0,3064.0,2580.0,2068.0,2088.0,1642.0
ZNabcpp,1260.0,1350.0,978.0,1234.0,1276.0,914.0,566.0,938.0,856.0
UAPGR,2932.0,3102.0,2580.0,2788.0,2278.0,2390.0,1262.0,1548.0,1782.0
DHAD1,13811.0,15269.0,13834.0,13469.0,11545.0,12433.0,7976.0,9826.0,11160.0
IPPS,9448.0,11050.0,9285.0,10399.0,9513.0,9921.0,5174.0,7671.0,8366.0
ANS,10293.0,11526.0,9190.0,11228.0,9684.0,9600.0,6330.0,8866.0,8918.0
SUCBZL,2494.0,2658.0,2336.0,2548.0,2336.0,2475.0,1366.0,1784.0,1921.0
ADSL1r,22465.0,25333.0,21917.0,20685.0,18748.0,19668.0,14739.0,13328.0,15938.0
NNATr,4584.0,4802.0,4690.0,6503.0,5102.0,6934.0,2570.0,4932.0,5128.0
PERD,8530.0,9836.0,6549.0,10252.0,8485.0,8342.0,3729.0,7194.0,7243.0
PPBNGS,31810.0,35448.0,31362.0,35259.0,29075.0,34037.0,24767.0,24045.0,27328.0
ADOCBLS,824.0,790.0,632.0,772.0,628.0,694.0,452.0,498.0,546.0
LTHRK,77469.0,82214.0,73800.0,87886.0,79360.0,87833.0,42431.0,66920.0,65682.0
PPS,16011.0,16305.0,19506.0,16672.0,11441.0,15231.0,18456.0,8403.0,11960.0
PDS2_1,17937.0,17591.0,14215.0,15700.0,14073.0,14396.0,8995.0,9804.0,8187.0
ALAALAr,5584.0,6382.0,5444.0,6364.0,5191.0,6035.0,3031.0,4820.0,4302.0
ADCPS2,822.0,984.0,694.0,816.0,768.0,680.0,376.0,706.0,639.0
GF6PTA,11439.0,12495.0,10458.0,9587.0,10226.0,9472.0,6302.0,7740.0,5925.0
PGMT,23960.0,24582.0,20306.0,24068.0,21186.0,20555.0,15544.0,18054.0,16117.0
GLCP2_1,188322.0,194127.0,207880.0,224278.0,178236.0,243687.0,99404.0,132148.0,137221.0
AGDI_1,4287.0,4825.0,3736.0,4998.0,4280.0,4110.0,2462.0,3850.0,4134.0
LPADSS2,4077.0,4114.0,3136.0,3958.0,3620.0,3742.0,1788.0,2890.0,2639.0
GLYCK,6624.0,6713.0,5640.0,7407.0,5454.0,6701.0,3501.0,4166.0,3734.0
DPR,14799.0,17435.0,13874.0,15112.0,15033.0,13241.0,8390.0,13597.0,11512.0
EAR120y,3429.0,3898.0,2942.0,2835.0,3064.0,2580.0,2068.0,2088.0,1642.0
MAN1PT,10648.0,12047.0,8901.0,10141.0,9560.0,8768.0,5698.0,7264.0,6061.0
NMNAT,4584.0,4802.0,4690.0,6503.0,5102.0,6934.0,2570.0,4932.0,5128.0
TKT2,110488.0,111285.0,98616.0,100590.0,87361.0,90947.0,55718.0,66727.0,62434.0
PSP_L,3781.0,4245.0,3257.0,2876.0,3202.0,2887.0,1680.0,2210.0,1662.0
HEX7,2938.0,3301.0,2595.0,3418.0,2890.0,2970.0,1926.0,2880.0,3038.0
PPNCL2,4776.0,4913.0,4707.0,5289.0,3941.0,4461.0,2560.0,3076.0,3173.0
CHORS,6634.0,7350.0,6256.0,7230.0,6345.0,6713.0,3491.0,4912.0,5518.0
CYTBD4cm,3109.0,2895.0,2436.0,3481.0,2702.0,2335.0,1446.0,1881.0,2698.0
PPNCL3,4776.0,4913.0,4707.0,5289.0,3941.0,4461.0,2560.0,3076.0,3173.0
CS,7890.0,9069.0,6682.0,7927.0,7200.0,7242.0,4412.0,5434.0,4942.0
PPCDC,4776.0,4913.0,4707.0,5289.0,3941.0,4461.0,2560.0,3076.0,3173.0
LDH_D,1207.0,1452.0,1210.0,1218.0,1524.0,1296.0,624.0,1214.0,859.0
HPYRRy,2724.0,2801.0,2298.0,2250.0,2230.0,2320.0,1368.0,1472.0,1484.0
ADMDC,38039.0,37236.0,38709.0,30039.0,27350.0,30727.0,21773.0,19697.0,16791.0
PRE3BS,8388.0,7776.0,7622.0,6969.0,6659.0,7092.0,4635.0,4100.0,4272.0
PPPGO2_1,10252.0,11187.0,8750.0,10180.0,9661.0,10257.0,9100.0,6985.0,6183.0
BIOMASS_DNA,560.0,710.0,508.0,667.0,604.0,638.0,312.0,478.0,480.0
DMATT,7161.0,8192.0,6333.0,6376.0,5828.0,5477.0,4146.0,4632.0,4349.0
DNAMTn2r,12250.0,12522.0,12392.0,11602.0,10726.0,12967.0,5866.0,7635.0,7677.0
G3PD2,2337.0,2802.0,2382.0,2360.0,2148.0,2026.0,1367.0,1496.0,1928.0
PHYTES,14202.0,13930.0,10849.0,13346.0,10931.0,12387.0,6730.0,8226.0,7966.0
MI3PP,2066.0,2322.0,1710.0,1960.0,1868.0,1824.0,992.0,1488.0,1246.0
MOHMT,2550.0,2910.0,2227.0,3198.0,2387.0,2480.0,1680.0,1922.0,2366.0
FBA,263813.0,268408.0,254591.0,259145.0,230649.0,252641.0,196523.0,179892.0,149347.0
PROAKGOX1,11280.0,11381.0,11670.0,11071.0,9771.0,11624.0,5176.0,7382.0,9271.0
ASAD,24984.0,27265.0,20415.0,27715.0,22929.0,23182.0,11015.0,19038.0,21038.0
CYSS_2,18981.0,22195.0,19102.0,21570.0,18375.0,17836.0,10731.0,14102.0,16065.0
LYCOPC,5326.0,5534.0,4376.0,4917.0,4539.0,4106.0,2266.0,3411.0,3257.0
ACOTA,22272.0,25233.0,21535.0,22591.0,22054.0,20415.0,14283.0,18824.0,16424.0
3HAD180,1636.0,1826.0,1332.0,1591.0,1476.0,999.0,711.0,1132.0,1436.0
FTHFD,1114.0,1194.0,1004.0,1094.0,1088.0,1110.0,618.0,872.0,916.0
ALDD2y,12243.0,12806.0,11344.0,12374.0,11507.0,12261.0,7019.0,9589.0,7846.0
3OAS80,35729.0,39927.0,34178.0,31131.0,31799.0,31333.0,19371.0,26237.0,21407.0
PSCVT,2286.0,2630.0,1900.0,1768.0,1930.0,1676.0,1070.0,1160.0,1140.0
CBPS,11825.0,12287.0,10548.0,9624.0,9475.0,9667.0,6710.0,6979.0,5910.0
NTPP8,1720.0,2008.0,1646.0,1783.0,1490.0,1736.0,1010.0,1188.0,1414.0
MEPCT,2471.0,2952.0,2126.0,2626.0,2308.0,2032.0,1288.0,1830.0,1718.0
PDX5POi,530.0,564.0,554.0,536.0,416.0,508.0,302.0,248.0,318.0
DHAD2,13811.0,15269.0,13834.0,13469.0,11545.0,12433.0,7976.0,9826.0,11160.0
DHFS,2536.0,2665.0,2236.0,2312.0,2171.0,2316.0,1370.0,1586.0,1328.0
PGCD,20989.0,24508.0,22169.0,22954.0,21799.0,24338.0,11900.0,16180.0,13663.0
SPMDabcpp,1906.0,2028.0,1641.0,1848.0,1746.0,1664.0,786.0,1336.0,1416.0
NTD6,12110.0,11669.0,9182.0,14956.0,10830.0,11935.0,6261.0,8779.0,9584.0
NNDMBRT,4062.0,4591.0,3435.0,3966.0,3678.0,3582.0,1526.0,2298.0,2133.0
PRATPP,3440.0,3839.0,2960.0,3675.0,2906.0,2762.0,1954.0,2288.0,2628.0
ASNN,8242.0,9163.0,7684.0,7704.0,6717.0,6554.0,3629.0,5681.0,6033.0
SERAT,9805.0,11572.0,9560.0,12574.0,10831.0,10651.0,6968.0,9264.0,9688.0
PRAIS,6402.0,7721.0,5414.0,6974.0,7447.0,6963.0,3090.0,5957.0,5853.0
PRAMPC,3440.0,3839.0,2960.0,3675.0,2906.0,2762.0,1954.0,2288.0,2628.0
AMPMS3,141866.0,132770.0,141051.0,165276.0,118919.0,162349.0,59030.0,77706.0,84629.0
G1PCTYT,2922.0,2866.0,2577.0,2514.0,2234.0,2352.0,1540.0,1598.0,1996.0
ACBIPGT,1090.0,1098.0,892.0,1014.0,822.0,984.0,460.0,680.0,688.0
SEPHCHCS,3960.0,4255.0,3503.0,4134.0,3541.0,3644.0,2174.0,2696.0,2454.0
NMNDA,2388.0,2680.0,2229.0,2973.0,2502.0,2598.0,1234.0,2218.0,2304.0
CA2abcpp,8731.0,8190.0,7296.0,9046.0,7178.0,8139.0,4088.0,6484.0,6854.0
ORNTAC,4125.0,5092.0,3976.0,3354.0,3794.0,3156.0,1550.0,2472.0,1970.0
SUCBZS,1498.0,1712.0,1272.0,1450.0,1252.0,1298.0,730.0,982.0,932.0
UHGADA2,6422.0,6782.0,5337.0,6034.0,5321.0,4788.0,3307.0,4126.0,4498.0
DHNANT,3626.0,3854.0,3261.0,3561.0,2934.0,3262.0,2142.0,2414.0,2551.0
ASPO6,3564.0,4009.0,2900.0,2858.0,2576.0,2584.0,1962.0,2066.0,1844.0
HGYDAS,922.0,766.0,606.0,890.0,680.0,740.0,486.0,524.0,528.0
GGDPR,45258.0,51313.0,41472.0,34660.0,35786.0,33888.0,24248.0,25964.0,20227.0
ASP1DC,5054.0,5689.0,4428.0,4808.0,4849.0,4884.0,2440.0,3803.0,3648.0
PPNDH,1244.0,1414.0,1080.0,1196.0,1038.0,1054.0,734.0,740.0,800.0
ASPK,5528.0,6072.0,5366.0,4302.0,4291.0,4277.0,2872.0,3092.0,3152.0
DXPS,49900.0,53317.0,47774.0,47909.0,40893.0,42897.0,29818.0,35376.0,37702.0
ME2,19790.0,19189.0,19546.0,19513.0,14399.0,17500.0,10202.0,10714.0,12110.0
DDPGA,2200.0,2099.0,1882.0,2374.0,1732.0,2010.0,1119.0,1516.0,1652.0
PAPSR,19129.0,18785.0,17598.0,29230.0,15844.0,17229.0,17166.0,13762.0,19853.0
SADT,9086.0,10641.0,8412.0,7536.0,7520.0,7048.0,6315.0,6328.0,5562.0
DPCOAK,498.0,604.0,504.0,521.0,478.0,420.0,218.0,368.0,362.0
NH4tpp,219921.0,237845.0,230648.0,147657.0,136989.0,156001.0,127305.0,88339.0,81789.0
PC11M,904.0,962.0,810.0,732.0,678.0,742.0,502.0,516.0,506.0
DPOR,20287.0,20542.0,20593.0,20694.0,17487.0,22841.0,13770.0,11663.0,10272.0
ARGSL,5161.0,5656.0,4134.0,4038.0,4356.0,3760.0,1894.0,3383.0,3088.0
HSK,1556.0,1963.0,1240.0,1234.0,1308.0,996.0,570.0,919.0,944.0
MTHFD,7233.0,7768.0,6809.0,7842.0,6340.0,6694.0,3916.0,4960.0,5803.0
PMDPHT,432.0,398.0,382.0,386.0,430.0,424.0,223.0,258.0,224.0
ARGabcpp,1910.0,2031.0,1696.0,1788.0,1602.0,1508.0,848.0,1300.0,1258.0
3HAD140,1636.0,1826.0,1332.0,1591.0,1476.0,999.0,711.0,1132.0,1436.0
ARGOXRum,16639.0,18571.0,20014.0,13830.0,14814.0,16001.0,10873.0,7282.0,6053.0
DAPE,1122.0,1228.0,1008.0,1060.0,880.0,916.0,588.0,786.0,870.0
BCAROHX2,17743.0,17573.0,13619.0,13326.0,14028.0,13968.0,8921.0,8789.0,7467.0
HPPK,958.0,868.0,910.0,1038.0,830.0,938.0,456.0,610.0,676.0
PANTS,3110.0,3586.0,2848.0,2870.0,2570.0,2526.0,1506.0,2142.0,2302.0
AHCi,28409.0,33530.0,25533.0,25749.0,26347.0,23044.0,15140.0,20405.0,17163.0
G6PDH2r,66788.0,71392.0,75588.0,72835.0,62341.0,74570.0,38440.0,39267.0,39656.0
ALAD_L,7043.0,7458.0,5689.0,6202.0,5378.0,5514.0,3378.0,4537.0,3648.0
GTPCII,22943.0,23910.0,22661.0,26618.0,20673.0,26875.0,13944.0,18373.0,21170.0
GLCBRAN3,42666.0,44255.0,38802.0,31737.0,30153.0,30690.0,25404.0,19886.0,17647.0
DB4PS,22943.0,23910.0,22661.0,26618.0,20673.0,26875.0,13944.0,18373.0,21170.0
DXPRIi,9926.0,10752.0,8925.0,8496.0,8734.0,8636.0,6080.0,6352.0,4993.0
FBA3,263813.0,268408.0,254591.0,259145.0,230649.0,252641.0,196523.0,179892.0,149347.0
RBFSa,26162.0,27557.0,24469.0,22700.0,20216.0,21790.0,15521.0,15221.0,14089.0
GLUTRS,11739.0,11230.0,9522.0,10105.0,8294.0,9309.0,5438.0,6419.0,6698.0
MPOMMM,85879.0,89608.0,80160.0,76818.0,71270.0,80046.0,66095.0,58725.0,50418.0
METAT,18848.0,20604.0,16849.0,16591.0,16679.0,15168.0,9660.0,12676.0,10471.0
EAR160y,3429.0,3898.0,2942.0,2835.0,3064.0,2580.0,2068.0,2088.0,1642.0
DHORTS,15253.0,15734.0,16382.0,14419.0,12025.0,13436.0,8804.0,8406.0,8392.0
PDX5PS2,4360.0,4820.0,4136.0,4614.0,3994.0,4372.0,2397.0,3118.0,3029.0
KARI_23dhmp_1,14799.0,17435.0,13874.0,15112.0,15033.0,13241.0,8390.0,13597.0,11512.0
ARGDC,8164.0,8755.0,6920.0,8343.0,7920.0,7018.0,3480.0,5966.0,5680.0
GAPDi_nadp,67078.0,78294.0,56056.0,59050.0,62378.0,54704.0,32931.0,50906.0,34382.0
NTD7,12110.0,11669.0,9182.0,14956.0,10830.0,11935.0,6261.0,8779.0,9584.0
AIRC3,1448.0,1696.0,1252.0,1556.0,1434.0,1394.0,754.0,1277.0,1000.0
UMPK,5174.0,5731.0,4189.0,4480.0,4438.0,3656.0,2128.0,3444.0,2617.0
ASPOb,3564.0,4009.0,2900.0,2858.0,2576.0,2584.0,1962.0,2066.0,1844.0
RBFSb_1,3144.0,3189.0,3042.0,3350.0,2542.0,3065.0,1898.0,2094.0,2470.0
SUCDum,1192.0,1292.0,1010.0,966.0,876.0,894.0,532.0,706.0,804.0
FBP,82124.0,84519.0,85995.0,83632.0,70035.0,82219.0,49532.0,46145.0,46207.0
CITCIb,7070.0,7588.0,7036.0,7388.0,5953.0,5825.0,3980.0,4750.0,5822.0
MNabc_1,1260.0,1350.0,978.0,1234.0,1276.0,914.0,566.0,938.0,856.0
TMPK,894.0,974.0,820.0,862.0,858.0,796.0,434.0,582.0,650.0
AGPR,5328.0,6282.0,4361.0,6630.0,6513.0,6037.0,2851.0,6182.0,4680.0
IPMD,12436.0,13610.0,13195.0,14156.0,12058.0,13938.0,8334.0,10544.0,10594.0
CDPMEK,1513.0,1724.0,1500.0,1317.0,1317.0,1189.0,828.0,818.0,1136.0
DVOCHR_1,11759.0,11936.0,11292.0,11701.0,10057.0,11379.0,5890.0,7571.0,7620.0
H2CO3_NAt_syn,1298.0,1870.0,2016.0,1770.0,1760.0,1424.0,1412.0,830.0,978.0
HEMEOS,4234.0,3466.0,3402.0,4427.0,3319.0,3856.0,2249.0,2230.0,3115.0
PMANM,6291.0,7390.0,6139.0,6879.0,6739.0,7502.0,3710.0,5792.0,5117.0
RPE,18627.0,21670.0,17540.0,15655.0,15281.0,13709.0,11715.0,11371.0,10898.0
MPOMT_1,4500.0,5313.0,4047.0,4575.0,4742.0,4430.0,2433.0,3545.0,3378.0
CPPPGO2,1036.0,1278.0,962.0,884.0,888.0,914.0,456.0,626.0,682.0
PC17M_1,2094.0,1966.0,1746.0,1888.0,1548.0,1693.0,920.0,1210.0,1394.0
UAMAS,12476.0,14068.0,11469.0,11006.0,11920.0,11119.0,6390.0,7626.0,7224.0
GLUCYS,20044.0,21082.0,19249.0,18791.0,16204.0,19541.0,11728.0,11297.0,11031.0
NDHPQRum,46880.0,48166.0,41638.0,48558.0,39218.0,43433.0,22540.0,31858.0,33045.0
CYNL,2236.0,2072.0,1845.0,2076.0,1446.0,1789.0,1048.0,1233.0,1482.0
DCTPD2,3678.0,3807.0,3490.0,3307.0,2913.0,3597.0,1992.0,1927.0,2004.0
CYOOum,7959.0,6766.0,7064.0,10074.0,7377.0,9254.0,4025.0,5595.0,6638.0
BPNT2,8126.0,9260.0,7201.0,9664.0,8711.0,8062.0,4027.0,7905.0,8363.0
METS_1,15464.0,16300.0,15629.0,15885.0,14314.0,15578.0,8016.0,10706.0,11052.0
PRUK,140232.0,147967.0,130508.0,119649.0,120815.0,124309.0,76321.0,85053.0,72909.0
FNOR_1,79177.0,83702.0,73657.0,61434.0,63404.0,60955.0,40737.0,46190.0,41593.0
GART,3072.0,3091.0,2406.0,2412.0,2318.0,2156.0,1609.0,1600.0,1434.0
IPPMIb,7070.0,7588.0,7036.0,7388.0,5953.0,5825.0,3980.0,4750.0,5822.0
DMTPHT,884.0,1140.0,888.0,992.0,900.0,836.0,638.0,798.0,786.0
PC6YM_1,1434.0,1686.0,1452.0,1578.0,1431.0,1448.0,862.0,1150.0,1136.0
PGL,6740.0,6962.0,6867.0,8026.0,6378.0,7288.0,4163.0,5370.0,5977.0
DDPA,64257.0,72552.0,61370.0,76010.0,67975.0,67505.0,42055.0,60030.0,56774.0
ASPCT,2905.0,2978.0,2678.0,2529.0,2392.0,2482.0,1360.0,1705.0,1788.0
HSERTA,6832.0,6938.0,6484.0,7208.0,5884.0,6534.0,3730.0,4649.0,4640.0
CYRDAAT,10879.0,12429.0,10198.0,11805.0,10802.0,10714.0,5644.0,8997.0,9371.0
MECDPDHf,15043.0,15521.0,14095.0,16527.0,13724.0,14240.0,8071.0,11454.0,12601.0
MTHFR3_1,2348.0,2536.0,2136.0,2748.0,2227.0,2586.0,1250.0,1860.0,2250.0
3HAD40_2,1636.0,1826.0,1332.0,1591.0,1476.0,999.0,711.0,1132.0,1436.0
ZCAROTDH1,7909.0,8136.0,6940.0,7471.0,7304.0,6960.0,3520.0,5678.0,4576.0
GLYALDDy,12243.0,12806.0,11344.0,12374.0,11507.0,12261.0,7019.0,9589.0,7846.0
IMPC,10484.0,11220.0,10592.0,11727.0,8959.0,10968.0,7110.0,7533.0,8430.0
LDAPAT,5051.0,5769.0,4190.0,3634.0,4265.0,3530.0,1996.0,2740.0,2018.0
3OAR40_2,2234.0,2534.0,2060.0,1930.0,1828.0,1535.0,1104.0,1304.0,1319.0
RNDR2,28195.0,26841.0,22287.0,19726.0,17817.0,15050.0,12523.0,10904.0,9458.0
GRTT,7161.0,8192.0,6333.0,6376.0,5828.0,5477.0,4146.0,4632.0,4349.0
NPDPS,6936.0,6885.0,5518.0,7193.0,5912.0,6105.0,4896.0,4806.0,4740.0
3OAS100,35729.0,39927.0,34178.0,31131.0,31799.0,31333.0,19371.0,26237.0,21407.0
ADSL2r,22465.0,25333.0,21917.0,20685.0,18748.0,19668.0,14739.0,13328.0,15938.0
MAN6PI,10648.0,12047.0,8901.0,10141.0,9560.0,8768.0,5698.0,7264.0,6061.0
HPROb,1796.0,2036.0,1524.0,1486.0,1498.0,1088.0,858.0,1182.0,1246.0
3OAS120,35729.0,39927.0,34178.0,31131.0,31799.0,31333.0,19371.0,26237.0,21407.0
NTPP2,1720.0,2008.0,1646.0,1783.0,1490.0,1736.0,1010.0,1188.0,1414.0
EAR180y,3429.0,3898.0,2942.0,2835.0,3064.0,2580.0,2068.0,2088.0,1642.0
DHQTi,1682.0,1811.0,1272.0,1641.0,1448.0,1542.0,1010.0,1098.0,1189.0
3OAS60,35729.0,39927.0,34178.0,31131.0,31799.0,31333.0,19371.0,26237.0,21407.0
EAR40y,3429.0,3898.0,2942.0,2835.0,3064.0,2580.0,2068.0,2088.0,1642.0
MG2uabcpp,8694.0,8137.0,8437.0,9497.0,8127.0,10278.0,4638.0,6700.0,6844.0
KARA1,14799.0,17435.0,13874.0,15112.0,15033.0,13241.0,8390.0,13597.0,11512.0
TKT1,110488.0,111285.0,98616.0,100590.0,87361.0,90947.0,55718.0,66727.0,62434.0
PTRCabcpp,1906.0,2028.0,1641.0,1848.0,1746.0,1664.0,786.0,1336.0,1416.0
IPDDI,4955.0,5751.0,4440.0,6192.0,5522.0,4734.0,2558.0,5393.0,5269.0
PKETF,60519.0,52649.0,53635.0,57746.0,45241.0,52752.0,28461.0,28230.0,33923.0
ENO,10410.0,11217.0,8132.0,7669.0,8153.0,7074.0,4828.0,6371.0,4557.0
NDHPQRcm,46880.0,48166.0,41638.0,48558.0,39218.0,43433.0,22540.0,31858.0,33045.0
NI2uabcpp,35372.0,37488.0,37303.0,37142.0,30831.0,37598.0,21944.0,23659.0,26644.0
Kabcpp,2042.0,2260.0,1979.0,2198.0,2014.0,2342.0,1058.0,1444.0,1390.0
TDPDRR,858.0,880.0,668.0,666.0,706.0,601.0,356.0,510.0,418.0
UAGCVT,13504.0,15329.0,10155.0,10564.0,10818.0,7669.0,5576.0,7615.0,6077.0
TDPGDH,4850.0,4858.0,3522.0,4654.0,4184.0,4122.0,2222.0,3386.0,2518.0
PRASCSi,4058.0,4803.0,3586.0,3981.0,3890.0,3645.0,2171.0,2936.0,2831.0
PRFGS,2576.0,2775.0,2292.0,2011.0,1642.0,1314.0,1171.0,1114.0,1557.0
MG2tex,2286.0,2480.0,2232.0,2599.0,2180.0,2202.0,1480.0,1626.0,1866.0
GLU5K,3704.0,3669.0,3193.0,3181.0,2983.0,3250.0,1729.0,2188.0,2046.0
TRDR,17068.0,18299.0,15689.0,20235.0,16744.0,10236.0,11686.0,14593.0,9301.0
GLUPRT,35119.0,35145.0,25895.0,37701.0,34175.0,30569.0,24835.0,39769.0,30280.0
PSERT,12628.0,15247.0,11357.0,13439.0,13415.0,12026.0,6826.0,11886.0,11607.0
PC8XM,3455.0,3485.0,3134.0,3553.0,2752.0,3352.0,2568.0,1910.0,2122.0
GMPS2,45049.0,50679.0,43860.0,45863.0,44123.0,47918.0,22371.0,38831.0,38019.0
RBFK,3294.0,4089.0,3218.0,3851.0,3423.0,3763.0,1808.0,2706.0,2548.0
NTRIRfx,28520.0,31174.0,27895.0,21552.0,16512.0,20099.0,24707.0,11940.0,11484.0
UPP3MT,1322.0,1422.0,1109.0,1036.0,972.0,854.0,502.0,696.0,768.0
ACS,10061.0,11863.0,10640.0,8837.0,9030.0,9712.0,7098.0,6346.0,5740.0
DHNCOAS,1491.0,1758.0,1374.0,1351.0,1356.0,1272.0,858.0,988.0,1108.0
MCOATA,2696.0,2592.0,2306.0,2270.0,1990.0,1644.0,1046.0,1280.0,1364.0
GTHPi,4148.0,4155.0,3667.0,4665.0,4059.0,4188.0,1416.0,3718.0,3118.0
ARGSS,9376.0,9533.0,8127.0,9137.0,8065.0,7028.0,4509.0,6466.0,6093.0
PKETX,60519.0,52649.0,53635.0,57746.0,45241.0,52752.0,28461.0,28230.0,33923.0
PMPK,1368.0,1482.0,1030.0,1310.0,1179.0,964.0,594.0,866.0,756.0
HMBS,11743.0,13085.0,10480.0,10562.0,8998.0,8994.0,7100.0,6739.0,6986.0
PTPATi,4851.0,5632.0,5119.0,6264.0,5261.0,5942.0,2610.0,3909.0,3656.0
PGLYCP,2246.0,2278.0,2318.0,2437.0,2150.0,2724.0,1325.0,1432.0,1548.0
HTHRPDH,7898.0,8416.0,7023.0,9552.0,7327.0,7143.0,4306.0,6630.0,7790.0
UAGAAT2,6008.0,6644.0,4824.0,5589.0,5210.0,5163.0,2764.0,4441.0,4080.0
SPTc,13731.0,14420.0,11704.0,10430.0,9779.0,9555.0,10179.0,6355.0,5902.0
GTHOr,9400.0,10007.0,8429.0,9009.0,8926.0,8104.0,4370.0,6665.0,5900.0
TDPDRE,2516.0,2562.0,2294.0,2516.0,2242.0,2126.0,1120.0,1904.0,1912.0
SHK3Dr,1850.0,1918.0,1604.0,1858.0,1612.0,1589.0,1022.0,1268.0,1219.0
ORPT,2524.0,2971.0,2562.0,2286.0,1942.0,1754.0,1710.0,1344.0,1188.0
PRPPS,82533.0,84722.0,77483.0,85902.0,77580.0,81102.0,43745.0,63374.0,55918.0
CITMS,142487.0,148987.0,142731.0,161061.0,136934.0,150713.0,93198.0,128429.0,118616.0
BCT1_syn,476.0,560.0,694.0,580.0,660.0,632.0,502.0,412.0,386.0
SPODM,22684.0,24893.0,24314.0,24847.0,22195.0,28664.0,17528.0,21282.0,18879.0
TRDRf,2328.0,2142.0,2252.0,2012.0,1570.0,1859.0,1256.0,1156.0,1372.0
AMPTASECG,26834.0,29517.0,24498.0,25003.0,24086.0,22734.0,13372.0,19399.0,17032.0
SPRMS,3724.0,4090.0,3108.0,4180.0,3334.0,2788.0,2120.0,2904.0,3199.0
PGAMT,9199.0,10519.0,7180.0,8009.0,8704.0,7139.0,4012.0,7004.0,5688.0
NNDPR,3526.0,3646.0,3181.0,3300.0,2824.0,2596.0,1926.0,2096.0,2226.0
ADSK,2254.0,2464.0,1894.0,1866.0,1930.0,1686.0,1110.0,1328.0,1420.0
MECDPS,2564.0,2953.0,2382.0,3512.0,2986.0,3149.0,1552.0,2470.0,2052.0
FCLT,30078.0,32138.0,26058.0,30839.0,27047.0,27148.0,16375.0,22588.0,22541.0
SHCHCS3,9440.0,10091.0,8107.0,10259.0,7599.0,8008.0,5275.0,6607.0,8818.0
PPA,8891.0,9132.0,8626.0,7487.0,5946.0,7485.0,5630.0,4424.0,4587.0
ADCYRS,3674.0,4006.0,3360.0,4026.0,3689.0,3696.0,1828.0,2830.0,2852.0
ATPPRT,2518.0,2708.0,2130.0,2384.0,2174.0,1983.0,1242.0,1540.0,1790.0
CUabcpp,35372.0,37488.0,37303.0,37142.0,30831.0,37598.0,21944.0,23659.0,26644.0
DHQS,5060.0,5825.0,4778.0,5590.0,5414.0,5846.0,2557.0,3871.0,3567.0
GTHRDH_syn,3026.0,3108.0,2561.0,2870.0,2762.0,2828.0,1430.0,1956.0,1874.0
ANPRT,3054.0,3540.0,2754.0,2710.0,2750.0,2054.0,1362.0,2218.0,2101.0
PC6AR_1,668.0,742.0,504.0,618.0,466.0,494.0,304.0,410.0,351.0
ADK1,10512.0,10801.0,9961.0,10846.0,9155.0,9978.0,6343.0,8322.0,8546.0
PRAIi,1582.0,1656.0,1666.0,1723.0,1366.0,1498.0,840.0,1152.0,1088.0
TRSARyr,2724.0,2801.0,2298.0,2250.0,2230.0,2320.0,1368.0,1472.0,1484.0
CYNTtabcpp,1254.0,1346.0,1184.0,700.0,812.0,792.0,654.0,494.0,356.0
RBPCcx,2436.0,3122.0,2061.0,1698.0,1757.0,1362.0,1029.0,980.0,884.0
UPP3S,2085.0,2290.0,1658.0,1836.0,1896.0,1722.0,908.0,1219.0,1330.0
DHNPA_1,2994.0,3367.0,2744.0,3047.0,2731.0,2559.0,1548.0,1752.0,1500.0
MOBDabcpp,636.0,576.0,584.0,652.0,520.0,550.0,196.0,354.0,326.0
NADK,11630.0,12405.0,10533.0,13338.0,10094.0,11064.0,6362.0,7616.0,8658.0
NADTRHD,7710.0,8392.0,9115.0,7167.0,6449.0,6815.0,4083.0,3284.0,3723.0
PGM,41604.0,42922.0,37278.0,40806.0,33250.0,32304.0,18386.0,27963.0,26624.0
FE3abcpp,61076.0,65972.0,54564.0,68260.0,58828.0,57684.0,32906.0,44758.0,48258.0
DHNCOAT,916.0,1076.0,785.0,1002.0,942.0,944.0,536.0,704.0,683.0
NPHBDC,778.0,790.0,602.0,758.0,640.0,518.0,430.0,458.0,540.0
HCO3E_1_cx,4944.0,5396.0,4301.0,4332.0,4125.0,3454.0,2952.0,2410.0,1752.0
DESAT16a,44589.0,48760.0,40067.0,49706.0,43013.0,44423.0,27056.0,37017.0,37000.0
UAGDP,3682.0,3932.0,3260.0,3380.0,3010.0,2908.0,1829.0,2264.0,1766.0
PDS1_1,17937.0,17591.0,14215.0,15700.0,14073.0,14396.0,8995.0,9804.0,8187.0
FRTT,7161.0,8192.0,6333.0,6376.0,5828.0,5477.0,4146.0,4632.0,4349.0
3OAS180,35729.0,39927.0,34178.0,31131.0,31799.0,31333.0,19371.0,26237.0,21407.0
EAR80y,3429.0,3898.0,2942.0,2835.0,3064.0,2580.0,2068.0,2088.0,1642.0
EAR140y,3429.0,3898.0,2942.0,2835.0,3064.0,2580.0,2068.0,2088.0,1642.0
ACGS,4125.0,5092.0,3976.0,3354.0,3794.0,3156.0,1550.0,2472.0,1970.0
CYTBD4um,3109.0,2895.0,2436.0,3481.0,2702.0,2335.0,1446.0,1881.0,2698.0
DHPPDA,1899.0,2136.0,1540.0,2076.0,1680.0,1514.0,844.0,1392.0,1624.0
DHFR,352.0,486.0,352.0,422.0,354.0,364.0,184.0,312.0,310.0
BCAROHX,17743.0,17573.0,13619.0,13326.0,14028.0,13968.0,8921.0,8789.0,7467.0
MPOMC1_1,85879.0,89608.0,80160.0,76818.0,71270.0,80046.0,66095.0,58725.0,50418.0
ERTHMMOR,12436.0,13610.0,13195.0,14156.0,12058.0,13938.0,8334.0,10544.0,10594.0
AFAT,3294.0,4089.0,3218.0,3851.0,3423.0,3763.0,1808.0,2706.0,2548.0
DADK,10512.0,10801.0,9961.0,10846.0,9155.0,9978.0,6343.0,8322.0,8546.0
G1SAT,46537.0,49991.0,45694.0,41525.0,36669.0,38131.0,30650.0,28417.0,31107.0
UAAGDS,14701.0,14712.0,12349.0,14062.0,12497.0,12872.0,7039.0,9154.0,8173.0
HEX1,5016.0,5098.0,4579.0,5360.0,4544.0,4329.0,2582.0,3938.0,3952.0
URIDK2r,1810.0,2030.0,1568.0,2020.0,1758.0,1736.0,946.0,1376.0,1598.0
CHPHYS,5598.0,5813.0,4767.0,4813.0,4779.0,4082.0,2782.0,3952.0,3306.0
PIuabcpp,1264.0,1528.0,1302.0,1206.0,1218.0,1430.0,686.0,919.0,1000.0
ARGDHpp,2390.0,2678.0,2500.0,2832.0,2140.0,2598.0,1176.0,1752.0,1783.0
PHETA1,17080.0,17425.0,15619.0,17314.0,14256.0,13424.0,8566.0,11774.0,11645.0
PFK,3074.0,3264.0,2814.0,3112.0,2502.0,2854.0,1678.0,1874.0,1966.0
DMPPS_syn,14223.0,15699.0,12840.0,14544.0,13647.0,12831.0,7010.0,11494.0,11778.0
ANS2,10293.0,11526.0,9190.0,11228.0,9684.0,9600.0,6330.0,8866.0,8918.0
3OAS160,35729.0,39927.0,34178.0,31131.0,31799.0,31333.0,19371.0,26237.0,21407.0
ACHBSb,11343.0,12675.0,11333.0,14149.0,10752.0,11345.0,8760.0,9664.0,11162.0
PC20M,2158.0,2082.0,1860.0,1918.0,1678.0,1872.0,1136.0,1174.0,1097.0
ADSS,16045.0,19653.0,14278.0,14969.0,17047.0,17441.0,9532.0,13940.0,11112.0
THRPDC,1424.0,1626.0,1323.0,1502.0,1337.0,1664.0,812.0,1052.0,1172.0
MPOMOR_1,85879.0,89608.0,80160.0,76818.0,71270.0,80046.0,66095.0,58725.0,50418.0
IPPMIa,7070.0,7588.0,7036.0,7388.0,5953.0,5825.0,3980.0,4750.0,5822.0
SPMS,3724.0,4090.0,3108.0,4180.0,3334.0,2788.0,2120.0,2904.0,3199.0
BPNT,8126.0,9260.0,7201.0,9664.0,8711.0,8062.0,4027.0,7905.0,8363.0
ICDHyr,22592.0,24038.0,20236.0,20438.0,19268.0,20643.0,11023.0,13397.0,12301.0
TMDS3,8274.0,8868.0,8394.0,10062.0,7543.0,8634.0,5265.0,5024.0,5548.0
GLYOX_1,10761.0,11215.0,10539.0,11733.0,9311.0,10302.0,7966.0,8849.0,9256.0
MTRI,1758.0,2208.0,1664.0,1972.0,1946.0,1774.0,780.0,1268.0,1368.0
CTPS2,9470.0,10974.0,8409.0,9034.0,9466.0,9445.0,4582.0,7558.0,6488.0
GTHS,7494.0,8294.0,6406.0,8070.0,6654.0,6067.0,3762.0,5785.0,6654.0
AHSERL2_1,24756.0,25166.0,25756.0,24742.0,21718.0,25393.0,16040.0,13605.0,12253.0
PEPC,79808.0,76430.0,70966.0,86227.0,66024.0,75053.0,36588.0,48212.0,46779.0
CHORM,7784.0,7940.0,6900.0,8064.0,6717.0,7337.0,4748.0,4705.0,4983.0
NTRARf2,4002.0,4480.0,3958.0,3675.0,3051.0,3714.0,2040.0,2210.0,2605.0
G6PDA,1374.0,1418.0,1122.0,1208.0,1186.0,1058.0,660.0,910.0,802.0
MPML,5998.0,7573.0,5653.0,5680.0,5829.0,5314.0,3502.0,4646.0,4244.0
Nat_Kpp,3314.0,2939.0,2801.0,2695.0,2325.0,2540.0,1506.0,1718.0,1772.0
PDH,14523.0,15136.0,13278.0,12056.0,11500.0,12959.0,7643.0,8641.0,7221.0
TPI,3441.0,3800.0,3038.0,3545.0,2850.0,3170.0,1971.0,2318.0,2285.0
E4PD,73453.0,77453.0,81054.0,92738.0,73850.0,98844.0,41765.0,54500.0,57163.0
GAPD,73453.0,77453.0,81054.0,92738.0,73850.0,98844.0,41765.0,54500.0,57163.0
CPPPGO,18543.0,19045.0,18197.0,14960.0,12315.0,13809.0,13568.0,8775.0,10193.0
PRMICI,9623.0,10709.0,9296.0,9519.0,8270.0,7667.0,5169.0,6440.0,7426.0
CAT,25969.0,24229.0,28923.0,25281.0,21336.0,25189.0,27145.0,15481.0,14830.0
GLUR,2976.0,3256.0,2494.0,3090.0,2968.0,2912.0,1692.0,2134.0,1977.0
OCBT,3010.0,3864.0,2735.0,3248.0,3678.0,3672.0,1682.0,3056.0,2323.0
GLGC,50957.0,49136.0,41221.0,52659.0,43986.0,46796.0,25472.0,35370.0,29022.0
PYK,27496.0,29555.0,28382.0,27833.0,23945.0,28806.0,15335.0,16647.0,16568.0
CA2t2pp,5221.0,5572.0,4427.0,4191.0,4359.0,3850.0,2370.0,3054.0,2543.0
ALAR,8482.0,8714.0,8663.0,10194.0,7231.0,8958.0,4250.0,5236.0,6364.0
SULR_2,13526.0,14680.0,13658.0,12128.0,11904.0,12425.0,5524.0,7711.0,8428.0
ADCS,2346.0,2768.0,2310.0,2742.0,2522.0,2452.0,1152.0,2266.0,2300.0
UGMDDS,5763.0,6189.0,5753.0,5511.0,4885.0,5710.0,3236.0,3742.0,4348.0
GLCDBRAN3,9504.0,9631.0,9401.0,8634.0,7427.0,7778.0,4985.0,4938.0,6087.0
IG3PS,2677.0,3282.0,2508.0,3348.0,2697.0,2412.0,1922.0,2296.0,2502.0
RPI,1374.0,1870.0,1378.0,1223.0,1443.0,1170.0,790.0,1064.0,912.0
NAt3pp,63433.0,67298.0,59259.0,61936.0,53731.0,57136.0,36100.0,41301.0,41915.0
GLYCLTDx,9755.0,10855.0,9081.0,9518.0,8902.0,8554.0,5253.0,6698.0,6465.0
FMNRy_1,3046.0,3094.0,2781.0,2680.0,2615.0,2332.0,1412.0,2004.0,2315.0
GHMT2r,38617.0,44875.0,37803.0,42646.0,42308.0,44979.0,21869.0,38300.0,33419.0
OPMEACPD,1636.0,1826.0,1332.0,1591.0,1476.0,999.0,711.0,1132.0,1436.0
OPMEACPR,2234.0,2534.0,2060.0,1930.0,1828.0,1535.0,1104.0,1304.0,1319.0
SPP,19067.0,21066.0,17864.0,22594.0,20297.0,19446.0,11925.0,18905.0,15347.0
AGPAT160,1613.0,1814.0,1390.0,1644.0,1558.0,1418.0,876.0,1286.0,1103.0
AGPATACP_HDE_PALM,1613.0,1814.0,1390.0,1644.0,1558.0,1418.0,876.0,1286.0,1103.0
BTS6,20428.0,20486.0,18914.0,18728.0,15669.0,18098.0,12055.0,10210.0,11160.0
QUERT,1832.0,2138.0,1641.0,1979.0,1996.0,1596.0,892.0,1568.0,1598.0
PMEACPE,372.0,412.0,330.0,310.0,330.0,296.0,156.0,310.0,294.0
G3PAT160,3819.0,4124.0,3492.0,3450.0,2976.0,2956.0,2344.0,2122.0,2062.0
GLUDGE_HDE_HDE,23632.0,23603.0,20489.0,21157.0,18879.0,20055.0,9790.0,12736.0,11528.0
G3PAT161,3819.0,4124.0,3492.0,3450.0,2976.0,2956.0,2344.0,2122.0,2062.0
G3PAT1819Z_1,3819.0,4124.0,3492.0,3450.0,2976.0,2956.0,2344.0,2122.0,2062.0
EPMEACPR,3429.0,3898.0,2942.0,2835.0,3064.0,2580.0,2068.0,2088.0,1642.0
GLUDGE_OLE_HDE,23632.0,23603.0,20489.0,21157.0,18879.0,20055.0,9790.0,12736.0,11528.0
GLUDGE_OLE_PALM,23632.0,23603.0,20489.0,21157.0,18879.0,20055.0,9790.0,12736.0,11528.0
GLUDGE_HDE_PALM,23632.0,23603.0,20489.0,21157.0,18879.0,20055.0,9790.0,12736.0,11528.0
AGPAT161,1613.0,1814.0,1390.0,1644.0,1558.0,1418.0,876.0,1286.0,1103.0
AGPATACP_OLE_HDE,1613.0,1814.0,1390.0,1644.0,1558.0,1418.0,876.0,1286.0,1103.0
AGPATACP_OLE_PALM,1613.0,1814.0,1390.0,1644.0,1558.0,1418.0,876.0,1286.0,1103.0
GLUDGS_OLE_HDE,12598.0,12579.0,9240.0,10995.0,10972.0,10468.0,5498.0,8302.0,6562.0
GLUDGS_OLE_PALM,12598.0,12579.0,9240.0,10995.0,10972.0,10468.0,5498.0,8302.0,6562.0
GLUDGS_HDE_PALM,12598.0,12579.0,9240.0,10995.0,10972.0,10468.0,5498.0,8302.0,6562.0
GLUDGS_HDE_HDE,12598.0,12579.0,9240.0,10995.0,10972.0,10468.0,5498.0,8302.0,6562.0
TYRTRS,4782.0,4907.0,3763.0,3710.0,3975.0,3342.0,1797.0,2808.0,2640.0
DAGK160,8090.0,8870.0,7496.0,7537.0,6601.0,6162.0,4008.0,4936.0,5923.0
DAGK_HDE_PALM,8090.0,8870.0,7496.0,7537.0,6601.0,6162.0,4008.0,4936.0,5923.0
DAGK161,8090.0,8870.0,7496.0,7537.0,6601.0,6162.0,4008.0,4936.0,5923.0
SQDGS_PALM_PALM,46239.0,44151.0,38347.0,54644.0,42614.0,46792.0,21079.0,36482.0,34994.0
SQDGS_HDE_PALM,46239.0,44151.0,38347.0,54644.0,42614.0,46792.0,21079.0,36482.0,34994.0
PGPS_OLE_PALM,926.0,1047.0,842.0,868.0,899.0,722.0,454.0,632.0,706.0
DGDGS_HDE_PALM,10405.0,11468.0,8972.0,11379.0,11037.0,9610.0,5119.0,9607.0,7667.0
DGDGS_HDE_HDE,10405.0,11468.0,8972.0,11379.0,11037.0,9610.0,5119.0,9607.0,7667.0
DGDGS_OLE_HDE,10405.0,11468.0,8972.0,11379.0,11037.0,9610.0,5119.0,9607.0,7667.0
DGDGS_OLE_PALM,10405.0,11468.0,8972.0,11379.0,11037.0,9610.0,5119.0,9607.0,7667.0
CDPDAGS_OLE_PALM,7868.0,8053.0,8010.0,8034.0,6743.0,7428.0,4470.0,4504.0,4592.0
GLNTRS,4817.0,5212.0,4466.0,4560.0,4335.0,4082.0,2952.0,3631.0,3459.0
METTRS,17186.0,18705.0,16771.0,19289.0,16698.0,19185.0,9835.0,14265.0,15771.0
SERTRS,6859.0,7915.0,6400.0,7392.0,6950.0,7515.0,4390.0,6239.0,5883.0
PROTRS,7261.0,8590.0,6557.0,6126.0,5904.0,5260.0,3484.0,4346.0,4538.0
GLYTRS,2646.0,3324.0,2358.0,2668.0,2395.0,2318.0,1382.0,1845.0,1780.0
CYSTRS,9562.0,10851.0,10205.0,8630.0,7621.0,9158.0,7764.0,4992.0,4769.0
ARGTRS,6096.0,6344.0,5194.0,5328.0,4809.0,4711.0,3046.0,3546.0,3676.0
TRPTRS,3834.0,4422.0,3260.0,3606.0,3588.0,3754.0,1650.0,3006.0,2608.0
HISTRS,6846.0,7658.0,5926.0,6662.0,6268.0,5665.0,2988.0,5267.0,4636.0
PHETRS,8200.0,8867.0,6376.0,9796.0,7978.0,7126.0,4578.0,6872.0,7908.0
ASNTRS,6008.0,6558.0,5577.0,5686.0,5580.0,5683.0,2716.0,3882.0,3526.0
ASPTRS,8959.0,9600.0,8096.0,6773.0,7274.0,7489.0,4084.0,5166.0,4149.0
UDPGLDC,8804.0,9121.0,7573.0,8467.0,7531.0,8106.0,3942.0,5590.0,4805.0
AGTi,13731.0,14420.0,11704.0,10430.0,9779.0,9555.0,10179.0,6355.0,5902.0
DBTS,1426.0,1462.0,1374.0,1647.0,1194.0,1324.0,840.0,918.0,1163.0
THRTRS,20088.0,20067.0,18554.0,18096.0,17198.0,17611.0,9397.0,12961.0,12764.0
LEUTRS,27384.0,28490.0,25602.0,24927.0,22277.0,24246.0,14157.0,17603.0,18053.0
ILETRS,42756.0,44449.0,42039.0,46698.0,37952.0,44802.0,24933.0,30595.0,33101.0
LYSTRS,9381.0,9592.0,8090.0,8885.0,7308.0,7214.0,4821.0,6249.0,7079.0
AOXSr2,1470.0,1628.0,1354.0,1708.0,1294.0,1252.0,782.0,1168.0,1524.0
AMAOTr,3088.0,3232.0,2904.0,3274.0,2894.0,3090.0,1446.0,2144.0,2240.0
LIPOS2,5465.0,5963.0,6475.0,7648.0,4802.0,6386.0,5374.0,3796.0,5549.0
ALATRS,25050.0,27906.0,24342.0,24622.0,23324.0,24393.0,14603.0,19469.0,18133.0
VALTRS,12487.0,11992.0,10503.0,11044.0,9998.0,9480.0,6165.0,7741.0,7181.0
FMETTRS,1963.0,2280.0,1812.0,2064.0,1870.0,1766.0,1052.0,1490.0,1632.0
BACCL,1325.0,1318.0,1052.0,1336.0,1304.0,1202.0,662.0,968.0,1046.0
BTNPL2,1325.0,1318.0,1052.0,1336.0,1304.0,1202.0,662.0,968.0,1046.0
LIPAMPL_1,9812.0,10487.0,9923.0,11768.0,9382.0,11647.0,5623.0,7284.0,6818.0
LIPOCT,9546.0,10609.0,8220.0,9041.0,9128.0,8583.0,4492.0,7558.0,6372.0
LIPATPT_1,9812.0,10487.0,9923.0,11768.0,9382.0,11647.0,5623.0,7284.0,6818.0
ZXANHX,8270.0,8292.0,8013.0,8669.0,7052.0,9451.0,5373.0,5050.0,6302.0
CPH4S,1782.0,1750.0,1631.0,1595.0,1518.0,1624.0,780.0,1191.0,1110.0
OGMEACPR,2234.0,2534.0,2060.0,1930.0,1828.0,1535.0,1104.0,1304.0,1319.0
CDGS,4982.0,5690.0,4624.0,6152.0,5421.0,4533.0,3066.0,5104.0,5323.0
CCGS,2925.0,3760.0,2858.0,3259.0,2996.0,2580.0,1504.0,2698.0,3091.0
CDGR,4411.0,4084.0,4204.0,4491.0,3637.0,4193.0,2675.0,2756.0,3014.0
PLYCOI,21517.0,22235.0,17996.0,22419.0,21488.0,21133.0,10364.0,16681.0,14607.0
SAMTRI,4520.0,4726.0,4126.0,4027.0,3881.0,4295.0,2296.0,2608.0,2696.0
EPXQR,1576.0,1752.0,1358.0,1594.0,1566.0,1700.0,588.0,1328.0,1210.0
UPPRT,2298.0,2424.0,2072.0,2220.0,2012.0,2264.0,1161.0,1610.0,1320.0
ZCARDS,7909.0,8136.0,6940.0,7471.0,7304.0,6960.0,3520.0,5678.0,4576.0
GMAND,1924.0,2142.0,1636.0,1714.0,1708.0,1596.0,936.0,1156.0,1018.0
GFUCS,780.0,843.0,724.0,686.0,617.0,722.0,366.0,512.0,432.0
NADDP,2236.0,2174.0,2254.0,3071.0,2382.0,3706.0,1078.0,2196.0,2456.0
CDPGLC46DH,2303.0,2244.0,1906.0,2253.0,1800.0,1978.0,966.0,1350.0,1626.0
AACPS6,13784.0,14736.0,12769.0,13643.0,12377.0,13221.0,9150.0,9774.0,9907.0
ALDR18,19530.0,21380.0,16469.0,16625.0,17118.0,15460.0,7889.0,12165.0,10844.0
ALDDC17,31595.0,34422.0,29934.0,33350.0,29297.0,29443.0,19796.0,20608.0,20384.0
ALCD19,26013.0,25763.0,24926.0,30776.0,22042.0,27628.0,14875.0,18396.0,22539.0
THZT,15153.0,15841.0,13773.0,16987.0,14474.0,17524.0,7956.0,11197.0,11864.0
PHYPQOX,17937.0,17591.0,14215.0,15700.0,14073.0,14396.0,8995.0,9804.0,8187.0
CXANHX,8270.0,8292.0,8013.0,8669.0,7052.0,9451.0,5373.0,5050.0,6302.0
OGMEACPS,35729.0,39927.0,34178.0,31131.0,31799.0,31333.0,19371.0,26237.0,21407.0
A5PISO,4596.0,4817.0,4005.0,4962.0,4271.0,4573.0,2573.0,3487.0,3798.0
KDOPS,11884.0,12694.0,11475.0,11112.0,9274.0,9671.0,6559.0,6914.0,8202.0
KDOPP,5056.0,5336.0,4869.0,5062.0,4289.0,4607.0,2899.0,3264.0,3428.0
KDOCT2,1540.0,1648.0,1216.0,1514.0,1224.0,1076.0,698.0,1022.0,1102.0
EGMEACPR,3429.0,3898.0,2942.0,2835.0,3064.0,2580.0,2068.0,2088.0,1642.0
DXYTST,3737.0,4032.0,3918.0,3887.0,3142.0,3698.0,2316.0,2358.0,2934.0
UAG2E,3506.0,4068.0,3042.0,3750.0,3498.0,3496.0,1706.0,3266.0,2872.0
OANTS,1526.0,1432.0,1374.0,1420.0,1272.0,1340.0,702.0,884.0,856.0
ACGAMT,10944.0,12302.0,10405.0,10852.0,10565.0,11158.0,5486.0,9317.0,8334.0
PFOR,36339.0,38363.0,42768.0,41773.0,31790.0,42418.0,23458.0,20425.0,24910.0
ACMAMT,4723.0,5426.0,4616.0,5812.0,4450.0,4410.0,2954.0,4140.0,6274.0
ICLIPAabcpp,15294.0,15400.0,12145.0,13508.0,12423.0,11478.0,6455.0,9497.0,9410.0
ICLIPAS,1106.0,1274.0,923.0,1361.0,1180.0,956.0,562.0,1117.0,974.0
MOAT_1,1102.0,1180.0,872.0,1224.0,1028.0,958.0,462.0,772.0,699.0
MPTG,4195.0,4096.0,3274.0,3688.0,3396.0,3224.0,1934.0,2592.0,2150.0
MPTG2,4195.0,4096.0,3274.0,3688.0,3396.0,3224.0,1934.0,2592.0,2150.0
UAGPT3,1346.0,1404.0,1142.0,1376.0,1332.0,1324.0,704.0,981.0,890.0
GLYCOX1,11690.0,12846.0,10911.0,13250.0,12373.0,12803.0,6538.0,9350.0,9395.0
UM4PL,12476.0,14068.0,11469.0,11006.0,11920.0,11119.0,6390.0,7626.0,7224.0
UM3PL,12476.0,14068.0,11469.0,11006.0,11920.0,11119.0,6390.0,7626.0,7224.0
PAPPT3,11390.0,11171.0,9599.0,9680.0,8998.0,8444.0,5328.0,7776.0,5484.0
OANTIabcpp,2918.0,2935.0,2342.0,2675.0,2412.0,2340.0,1256.0,1912.0,1646.0
OANTILpp,2918.0,2935.0,2342.0,2675.0,2412.0,2340.0,1256.0,1912.0,1646.0
MDDCP1pp,12135.0,13566.0,11628.0,15232.0,14074.0,15229.0,7487.0,12578.0,11806.0
MDDCP2pp,12135.0,13566.0,11628.0,15232.0,14074.0,15229.0,7487.0,12578.0,11806.0
STACPSI,32748.0,34608.0,33705.0,28937.0,25989.0,28615.0,37114.0,20542.0,19472.0
UDCPDP,2900.0,3104.0,2538.0,2692.0,2464.0,2674.0,1368.0,1832.0,1820.0
MLTGY1pp,2376.0,2638.0,2260.0,2424.0,2672.0,2521.0,1368.0,1948.0,1382.0
ETCPC,880.0,1074.0,740.0,794.0,716.0,704.0,600.0,510.0,560.0
GLYCOX2,11690.0,12846.0,10911.0,13250.0,12373.0,12803.0,6538.0,9350.0,9395.0
NO2tabcpp,1254.0,1346.0,1184.0,700.0,812.0,792.0,654.0,494.0,356.0
MLTGY2pp,2376.0,2638.0,2260.0,2424.0,2672.0,2521.0,1368.0,1948.0,1382.0
MLTGY3pp,2376.0,2638.0,2260.0,2424.0,2672.0,2521.0,1368.0,1948.0,1382.0
MLTGY4pp,2376.0,2638.0,2260.0,2424.0,2672.0,2521.0,1368.0,1948.0,1382.0
AGM4PA,6040.0,6208.0,5314.0,5521.0,4840.0,5330.0,3236.0,3684.0,2912.0
AM3PA,6040.0,6208.0,5314.0,5521.0,4840.0,5330.0,3236.0,3684.0,2912.0
AM4PA,6040.0,6208.0,5314.0,5521.0,4840.0,5330.0,3236.0,3684.0,2912.0
MALCOAMT,496.0,464.0,458.0,500.0,400.0,428.0,202.0,394.0,374.0
AGM3PApp,4090.0,4620.0,3352.0,4441.0,3974.0,3439.0,2010.0,3466.0,2793.0
AGM4PApp,4090.0,4620.0,3352.0,4441.0,3974.0,3439.0,2010.0,3466.0,2793.0
UM4PCP,3578.0,3940.0,3205.0,4011.0,3352.0,3724.0,1738.0,2828.0,2940.0
MDRPD,1266.0,1414.0,1048.0,1378.0,1230.0,1214.0,558.0,935.0,772.0
AM4PCP,3578.0,3940.0,3205.0,4011.0,3352.0,3724.0,1738.0,2828.0,2940.0
4PCP,3578.0,3940.0,3205.0,4011.0,3352.0,3724.0,1738.0,2828.0,2940.0
AGM4PCP,3578.0,3940.0,3205.0,4011.0,3352.0,3724.0,1738.0,2828.0,2940.0
AGMH,4301.0,4308.0,3058.0,4235.0,3618.0,3692.0,1886.0,2863.0,3006.0
AGM3PH,4301.0,4308.0,3058.0,4235.0,3618.0,3692.0,1886.0,2863.0,3006.0
ENOPH,2476.0,2444.0,1764.0,2032.0,2155.0,1838.0,960.0,1464.0,1202.0
QULNS,18234.0,17742.0,19579.0,23661.0,15911.0,23205.0,12102.0,13274.0,16108.0
AGM4PH,4301.0,4308.0,3058.0,4235.0,3618.0,3692.0,1886.0,2863.0,3006.0
LADGMDH,4497.0,4287.0,4240.0,4086.0,3466.0,3720.0,2130.0,2604.0,2610.0
ILETA,11074.0,10683.0,10955.0,12181.0,8845.0,11030.0,7707.0,6633.0,7128.0
ALAGLUE,780.0,916.0,632.0,854.0,828.0,682.0,386.0,582.0,624.0
CELLSYN,12101.0,11266.0,11303.0,10819.0,9874.0,11226.0,6968.0,6594.0,6393.0
ALAALAabcpp,3080.0,3420.0,2596.0,3579.0,2750.0,3024.0,1716.0,2086.0,2366.0
LEUTA,11074.0,10683.0,10955.0,12181.0,8845.0,11030.0,7707.0,6633.0,7128.0
ARD,9583.0,9691.0,8966.0,10950.0,9319.0,11116.0,5630.0,8149.0,8987.0
VALTA,11074.0,10683.0,10955.0,12181.0,8845.0,11030.0,7707.0,6633.0,7128.0
NDPK3,19433.0,19279.0,18559.0,18909.0,15072.0,18688.0,12498.0,11169.0,10601.0
NDPK6,19433.0,19279.0,18559.0,18909.0,15072.0,18688.0,12498.0,11169.0,10601.0
NDPK1,19433.0,19279.0,18559.0,18909.0,15072.0,18688.0,12498.0,11169.0,10601.0
4PEPTabcpp,3080.0,3420.0,2596.0,3579.0,2750.0,3024.0,1716.0,2086.0,2366.0
ALAALAD,3754.0,3902.0,3242.0,3747.0,3224.0,3623.0,1791.0,2746.0,2478.0
ADPGLC,4743.0,4573.0,4189.0,4685.0,3879.0,4415.0,2670.0,3204.0,3469.0
NDPK8,19433.0,19279.0,18559.0,18909.0,15072.0,18688.0,12498.0,11169.0,10601.0
UNK3,3758.0,4075.0,2978.0,3726.0,3996.0,3886.0,1710.0,3834.0,3288.0
NDPK5,19433.0,19279.0,18559.0,18909.0,15072.0,18688.0,12498.0,11169.0,10601.0
DALAabcpp,3080.0,3420.0,2596.0,3579.0,2750.0,3024.0,1716.0,2086.0,2366.0
NDPK4,19433.0,19279.0,18559.0,18909.0,15072.0,18688.0,12498.0,11169.0,10601.0
ZISO,1898.0,2012.0,1594.0,2199.0,1832.0,1818.0,928.0,1524.0,1360.0
NDPK2,19433.0,19279.0,18559.0,18909.0,15072.0,18688.0,12498.0,11169.0,10601.0
3OAR180,2234.0,2534.0,2060.0,1930.0,1828.0,1535.0,1104.0,1304.0,1319.0
3OAR140,2234.0,2534.0,2060.0,1930.0,1828.0,1535.0,1104.0,1304.0,1319.0
PAPA160,1762.0,2136.0,1394.0,1594.0,1492.0,1508.0,702.0,1194.0,1182.0
PHEOASE,7497.0,7197.0,7064.0,9192.0,6449.0,7724.0,4960.0,5327.0,6868.0
PAPA_HDE_PALM,1762.0,2136.0,1394.0,1594.0,1492.0,1508.0,702.0,1194.0,1182.0
PAPA161,1762.0,2136.0,1394.0,1594.0,1492.0,1508.0,702.0,1194.0,1182.0
PAPA_OLE_HDE,1762.0,2136.0,1394.0,1594.0,1492.0,1508.0,702.0,1194.0,1182.0
ACGK,11012.0,12035.0,10832.0,10047.0,10530.0,10629.0,4899.0,7457.0,6462.0
MCTP2App,37876.0,40415.0,32169.0,39613.0,36293.0,35001.0,21160.0,29303.0,24175.0
MCTP1App,37876.0,40415.0,32169.0,39613.0,36293.0,35001.0,21160.0,29303.0,24175.0
MCTP1Bpp,37876.0,40415.0,32169.0,39613.0,36293.0,35001.0,21160.0,29303.0,24175.0
LEUabcpp,642.0,700.0,610.0,668.0,556.0,618.0,406.0,390.0,446.0
ACLSa,11343.0,12675.0,11333.0,14149.0,10752.0,11345.0,8760.0,9664.0,11162.0
SULabcpp,2238.0,2342.0,1909.0,2116.0,1845.0,2024.0,1156.0,1472.0,1400.0
PAPA_OLE_PALM,1762.0,2136.0,1394.0,1594.0,1492.0,1508.0,702.0,1194.0,1182.0
TYRTA,5045.0,6249.0,4732.0,4953.0,4668.0,4555.0,3278.0,3812.0,3690.0
ACLSb,11343.0,12675.0,11333.0,14149.0,10752.0,11345.0,8760.0,9664.0,11162.0
PHEOX_1,1700.0,1924.0,1316.0,2034.0,1942.0,1561.0,610.0,1813.0,1586.0
OPMEACPS,35729.0,39927.0,34178.0,31131.0,31799.0,31333.0,19371.0,26237.0,21407.0
EAR100y,3429.0,3898.0,2942.0,2835.0,3064.0,2580.0,2068.0,2088.0,1642.0
EHGLAT,5045.0,6249.0,4732.0,4953.0,4668.0,4555.0,3278.0,3812.0,3690.0
KAS15,4691.0,5294.0,3826.0,4813.0,4716.0,4054.0,1790.0,3524.0,3105.0
FALDH2,4610.0,5012.0,4093.0,4726.0,4403.0,4051.0,2413.0,3275.0,3500.0
PHYTK,2588.0,3182.0,2546.0,2464.0,2336.0,2282.0,1621.0,1592.0,1680.0
NDH_1_4_um_copy2,2156.0,2042.0,2020.0,2056.0,1732.0,1868.0,1150.0,1142.0,1140.0
KARI_1,14799.0,17435.0,13874.0,15112.0,15033.0,13241.0,8390.0,13597.0,11512.0
3HAD120,1636.0,1826.0,1332.0,1591.0,1476.0,999.0,711.0,1132.0,1436.0
OGMEACPD,1636.0,1826.0,1332.0,1591.0,1476.0,999.0,711.0,1132.0,1436.0
ACCOAC,4456.0,5023.0,4120.0,4078.0,4304.0,4582.0,2582.0,3079.0,2484.0
ASPO5,3564.0,4009.0,2900.0,2858.0,2576.0,2584.0,1962.0,2066.0,1844.0
PTHPS,22804.0,24817.0,20392.0,24112.0,21412.0,21897.0,12754.0,16980.0,16564.0
CITCIa,7070.0,7588.0,7036.0,7388.0,5953.0,5825.0,3980.0,4750.0,5822.0
DAGK_OLE_HDE,8090.0,8870.0,7496.0,7537.0,6601.0,6162.0,4008.0,4936.0,5923.0
DAGK_OLE_PALM,8090.0,8870.0,7496.0,7537.0,6601.0,6162.0,4008.0,4936.0,5923.0
3HAD100,1636.0,1826.0,1332.0,1591.0,1476.0,999.0,711.0,1132.0,1436.0
PNTK,564.0,586.0,456.0,556.0,514.0,538.0,258.0,280.0,362.0
3OAR120,2234.0,2534.0,2060.0,1930.0,1828.0,1535.0,1104.0,1304.0,1319.0
3OAR60,2234.0,2534.0,2060.0,1930.0,1828.0,1535.0,1104.0,1304.0,1319.0
3OAR100,2234.0,2534.0,2060.0,1930.0,1828.0,1535.0,1104.0,1304.0,1319.0
3OAR80,2234.0,2534.0,2060.0,1930.0,1828.0,1535.0,1104.0,1304.0,1319.0
ALCD1,26013.0,25763.0,24926.0,30776.0,22042.0,27628.0,14875.0,18396.0,22539.0
NDH_1_1_um_copy1,2156.0,2042.0,2020.0,2056.0,1732.0,1868.0,1150.0,1142.0,1140.0
NDH_1_4_um_copy1,1488.0,1770.0,1595.0,1609.0,1317.0,1620.0,1128.0,923.0,980.0
PCHLDA430,18106.0,18791.0,19280.0,13080.0,10733.0,12357.0,14278.0,8028.0,8732.0
SFGTHi,4112.0,4386.0,4182.0,3986.0,3584.0,3940.0,2146.0,2745.0,2446.0
PCHLDA650,18106.0,18791.0,19280.0,13080.0,10733.0,12357.0,14278.0,8028.0,8732.0
GGCLUT2,608.0,698.0,472.0,474.0,542.0,452.0,228.0,426.0,290.0
SPR,1463.0,1470.0,1080.0,1520.0,1180.0,1088.0,752.0,1010.0,978.0
OPAH,4466.0,4831.0,4540.0,4964.0,4198.0,4408.0,2210.0,3285.0,3236.0
ACGAMK,1050.0,1083.0,944.0,962.0,1124.0,1030.0,490.0,850.0,660.0
AMANAPEr,4738.0,4594.0,3455.0,6000.0,4477.0,4222.0,2114.0,3845.0,4653.0
AGDC,6249.0,6597.0,5674.0,6359.0,5216.0,5789.0,3250.0,4051.0,4188.0
ANHMK,1992.0,2250.0,1761.0,1838.0,1810.0,1702.0,904.0,1246.0,1080.0
RNDR4,28195.0,26841.0,22287.0,19726.0,17817.0,15050.0,12523.0,10904.0,9458.0
TRPS2,3922.0,4500.0,3382.0,4196.0,3584.0,3638.0,2308.0,3407.0,3780.0
PSICSum,5360.0,6304.0,5565.0,4269.0,4361.0,4092.0,4530.0,3076.0,3007.0
NAD_H2,1466.0,1689.0,1587.0,1624.0,1426.0,1428.0,802.0,964.0,1074.0
PPND,2973.0,3430.0,2666.0,2903.0,2448.0,2444.0,1548.0,2065.0,2820.0
CBFCum,138.0,152.0,136.0,170.0,158.0,140.0,71.0,145.0,137.0
ACM6PH,2706.0,3215.0,2310.0,2396.0,2578.0,1988.0,1210.0,1784.0,1810.0
SUCR,3576.0,3945.0,3368.0,3312.0,3114.0,3283.0,1723.0,2506.0,2284.0
CLt3_1pp,3622.0,3588.0,3468.0,3710.0,2936.0,3301.0,1762.0,1958.0,2086.0
Ktu,852.0,844.0,778.0,950.0,704.0,928.0,536.0,542.0,570.0
THBTGT,4315.0,4400.0,3854.0,3938.0,3567.0,4078.0,2218.0,2520.0,2498.0
FDH6,12374.0,12284.0,12777.0,9656.0,8849.0,10672.0,5782.0,4352.0,5030.0
PCXHtpp,9362.0,9525.0,9017.0,10357.0,9199.0,10795.0,5115.0,6840.0,6489.0
THISAT,1250.0,1326.0,1126.0,1237.0,1052.0,924.0,524.0,830.0,898.0
PSIIum,1412.0,1480.0,1224.0,1548.0,1172.0,1356.0,924.0,1116.0,912.0
ATPSum,9881.0,10971.0,7755.0,6625.0,6335.0,4933.0,5419.0,4566.0,4092.0
CYSDES,22710.0,22855.0,21498.0,25526.0,20966.0,23868.0,12160.0,20306.0,19028.0
NO3abcpp,16638.0,16489.0,17453.0,11951.0,10245.0,14393.0,13381.0,6956.0,7174.0
GLNabcpp,1910.0,2031.0,1696.0,1788.0,1602.0,1508.0,848.0,1300.0,1258.0
GLNS,155020.0,160836.0,159189.0,145093.0,117646.0,138581.0,83016.0,93735.0,90307.0
MDDEP1pp,25073.0,29008.0,23490.0,30355.0,30503.0,31946.0,15890.0,27490.0,25281.0
THII,1250.0,1326.0,1126.0,1237.0,1052.0,924.0,524.0,830.0,898.0
SHS1,3134.0,3602.0,2795.0,2810.0,2566.0,2520.0,1586.0,1786.0,1566.0
PSIICSum,1412.0,1480.0,1224.0,1548.0,1172.0,1356.0,924.0,1116.0,912.0
NDH_1_1_um_copy2,2156.0,2042.0,2020.0,2056.0,1732.0,1868.0,1150.0,1142.0,1140.0
ASNS1,4817.0,5212.0,4466.0,4560.0,4335.0,4082.0,2952.0,3631.0,3459.0
MDDCP3pp,12135.0,13566.0,11628.0,15232.0,14074.0,15229.0,7487.0,12578.0,11806.0
MDDCP4pp,12135.0,13566.0,11628.0,15232.0,14074.0,15229.0,7487.0,12578.0,11806.0
MDDCP5pp,12135.0,13566.0,11628.0,15232.0,14074.0,15229.0,7487.0,12578.0,11806.0
MDDEP2pp,25073.0,29008.0,23490.0,30355.0,30503.0,31946.0,15890.0,27490.0,25281.0
MDDEP3pp,25073.0,29008.0,23490.0,30355.0,30503.0,31946.0,15890.0,27490.0,25281.0
MDDEP4pp,25073.0,29008.0,23490.0,30355.0,30503.0,31946.0,15890.0,27490.0,25281.0
MNHNAtpp,256.0,332.0,310.0,306.0,272.0,420.0,124.0,228.0,302.0
