,Se_axen_d4_1,Se_axen_d6_3,Se_axen_d8_2
EX_gln__L_e,0.0,0.0,0.0
EX_hco3_e,0.021645835457033392,-0.29733053079057803,-0.233721707905586
EX_mn2_e,0.0,0.0,0.0
EX_arg__L_e,0.0,0.0,0.0
ADPT,2.6344110554450105e-06,8.4070209258588e-06,6.6084814229157155e-06
O2tcx,0.0,0.0,0.0
AOXPBDC,3.602053649459559e-07,1.1494994429388037e-06,9.035835382482586e-07
DNTPPA,1.049507449683981e-06,3.3492233769694124e-06,2.6327138546167195e-06
CBMD,0.0,0.0,0.0
BIOMASS_PIGMENTS,0.0002710483456621593,0.0008649785724176636,0.00067993108111118
H2Otu_syn,-0.6080655682426792,-0.4551072414069049,-0.32005460250018486
DTMPK,7.268787414297688e-05,0.00023196398212529143,0.00018233922339193785
BIOMASS__1,0.01375879927219083,0.043907541747089524,0.034514268076709646
ORNTA,-0.0008984848150001977,0.010392282862934933,0.00816903024829687
ATPM,0.0,0.0,0.0
ACOATA,0.0020413908086348025,0.006514554822630613,0.005120876337004199
5DOAN,1.4293603799894486e-06,4.56142278948171e-06,3.5855837676851778e-06
3HAD160,0.005861106089785306,0.01870415835206754,0.014702720986543927
RNDR3,9.038124972543757e-05,0.0002884276757707126,0.00022672346768200797
Htex,0.03373776520847842,-1.0564491635410829,-0.7087310551150073
G5SD,0.004154994476018248,0.0,0.0
HISTDa,0.0011809243457557895,0.0037686053837727323,0.002962376195872666
TRPS3,0.0003277610155581882,0.001045961946895827,0.0008221961329819312
DMBZIDS2,7.040377587580048e-08,2.2467489111985711e-07,1.7660950974852326e-07
HSTPT,0.0011809243457557895,0.0037686053837727323,0.002962376195872666
ZCAROTDH2,0.0,0.0,0.0
ORNDC,1.7682808824619654e-06,5.642997265335946e-06,4.435773733218724e-06
GND,0.0,0.855657959109179,0.5740479222132191
CMPA_1,0.0,0.0,0.0
U23GAAT2,0.00013135306537707795,0.0004191783081906886,0.0003295022204652131
HOXGfx,1.4202933312854797e-05,4.532487719466349e-05,3.562838865023288e-05
PGK,-0.11939358015381976,-0.8091183959261616,-0.7536600891152132
IMPD,0.00146647318628251,0.004679858421790528,0.003678682105709795
LPOR,0.00015425361351661948,0.0004922593055628477,0.00038694877826039864
CHRPL,2.4559456701656046e-07,7.837496203144667e-07,6.160796850451788e-07
GCALDDy,1.049507449683981e-06,3.3492233769694124e-06,2.6327138546167195e-06
MSBENZMT,2.4559456701656046e-07,7.837496203144667e-07,6.160796850451788e-07
DESAT18a,0.0013424843523810604,0.0042841810961022865,0.0033676532312321393
FUM,0.00817305325022892,0.02608212167990734,0.020502294226633012
PHYFXOR,1.4202933312854797e-05,4.532487719466349e-05,3.562838865023288e-05
TMPPP_1,3.4874428515158096e-07,1.1129244606652988e-06,8.748331529404019e-07
VPAMTr,0.07353587330049394,0.5655247881268513,0.6174631341869634
RNDR1,7.268787414297688e-05,0.00023196398212529143,0.00018233922339193785
TALA,-0.03140911900957323,-0.024337556541357247,-0.05334589791805332
GLYCL,0.00020880469349397052,0.2846124115071751,0.30637148134339987
ACONT,0.015817602663531955,0.050477664187708826,0.039678824282532776
NDPK7,9.038124972543757e-05,0.0002884276757707126,0.00022672346768200797
GTPCI,2.5630249013018684e-05,8.179211036260697e-05,6.429407594425812e-05
AIRC2,0.0026298835574393655,0.008392572622393662,0.006597124088833973
IGPS,0.0009832830466745645,0.003137885840687481,0.0024665883989457935
MTAP,1.2050506754555617e-06,3.845598136377089e-06,3.0228976552305378e-06
HEMEAS_1,0.0,0.0,0.0
DHORD3um,0.0025988633263292447,0.008293579820327697,0.006519309117399034
MTHFC,0.006257979985990341,0.5878628095727436,0.6273936682122992
HBZNPT,2.4559456701656046e-07,7.837496203144667e-07,6.160796850451788e-07
GCATENEC,0.00015422650868176862,0.0004921728077056505,0.0003868807851522613
COCHL_1,7.040377587580048e-08,2.2467489111985711e-07,1.7660950974852326e-07
HSDy,-0.004731864840170717,-0.015100485798300211,-0.011869993039763554
TRPS1,0.0006555220311163764,0.002091923893791654,0.0016443922659638624
HISTDb,0.0011809243457557895,0.0037686053837727323,0.002962376195872666
UPPDC1,0.0001688052911146265,0.0005386971072181746,0.00042345200006357187
GARFT,0.0024471720827951857,0.008393685546854327,0.006597998921986914
H4THDPR,0.0032872974372146462,0.010490533847044018,0.008246262101172491
UDPG4E,0.0005797568975113464,0.0018501396580509317,0.0014543336656180385
GLCS3,0.007068523688075181,0.02255730989198689,0.017731556122771486
AICART,0.003810807903195155,0.012161178006166394,0.009559500284706639
ASPTA,-0.0245602653192523,-0.12528611818903668,-0.1887589922225639
GLYOX,0.0,0.0,0.0
PRAGSr,0.002630232301724517,0.008393685546854327,0.006597998921986914
SQD1,0.0002634014465324027,0.0008405755314158081,0.0006607486567368798
ACKr,-0.0367057788079498,-1.044901131163112,-0.6551247733356359
UDCPDPS,1.5718052288550804e-07,5.015997569187508e-07,3.94290998508331e-07
GK1,0.0014665435900583859,0.004680083096681648,0.0036788587152195434
SHKK,0.0053843079684623716,0.0171825841941225,0.013506661806359885
OXADC,0.0,0.0,0.0
G1PACT,0.0014775775247958328,0.004715294959325605,0.0037065375972160737
3HAD60,0.006124172425904408,0.01954366446789184,0.015362629011012596
PGI,0.0380727780537662,-0.4012002001516412,-0.2233232714092056
KAS14,0.0020413908086348025,0.006514554822630613,0.005120876337004199
OHPBAT,3.602053649459559e-07,1.1494994429388037e-06,9.035835382482586e-07
PQH2tum,2.4559456701656046e-07,7.837496203144667e-07,6.160796850451788e-07
O2tu,0.3040327841213396,0.22755362070345245,0.16002730125009243
O2tpp,-0.20854977200885483,1.1028523647555244,1.0102648942337873
H2Otex,-0.15114710216138033,-2.2212840826000493,-1.8879115385856127
SK_for_c,0.0,0.13952183852006772,0.12440121628580836
EX_mg2_e,-0.00015425361351661948,-0.0004922593055628477,-0.00038694877826039864
3HAD80,0.006124172425904408,0.019543664467891856,0.015362629011012603
3OAR160,0.006123812220539462,0.01954251496844892,0.015361725427474354
NMNS,0.0,0.0,0.0
PPK,-0.1458488816141173,-0.3418844673606186,-0.2687440855998462
GALUi,0.002937210742544573,0.009373325444098897,0.0073680614827250565
PHYTES2_1,0.00015422650868176862,0.0004921728077056505,0.0003868807851522613
IGPDH,0.0011809243457557895,0.0037686053837727323,0.002962376195872666
OMPDC,0.0025988633263292447,0.008293579820327697,0.006519309117399034
DCTPD,0.0,0.0,0.0
GLUSfx,0.0,0.0,0.0
NADS2,3.566033112967215e-06,1.1380044485420626e-05,8.945477028413085e-06
GLUTRR,0.0013537955134052362,0.004320277652559663,0.003396027541810086
G1PTT,0.0,0.0,0.0
UAMAGS,0.0006307451716282158,0.002012855148705953,0.0015822389374970552
SPS,0.0,0.0,0.0
ADCL,1.049507449683981e-06,3.3492233769694124e-06,2.6327138546167195e-06
CYTK1,0.002519261241729113,0.008039550977866107,0.006319625436210159
DAPDC,0.0026565522655864304,0.008477678698338065,0.006664023163675437
PSIum,1.1007602527037157,0.7543687885617172,0.6425786688944584
R05219,7.040377587580048e-08,2.2467489111985711e-07,1.7660950974852326e-07
Cobalt2abcppI,7.040377587580048e-08,2.2467489111985711e-07,1.7660950974852326e-07
PFK_3,0.018480028006329363,0.0,0.024579788666670765
THRS,0.0034865754555396923,0.01112647654348042,0.008746155646401235
NAMNPP,7.040377587580048e-08,2.2467489111985711e-07,1.7660950974852326e-07
FOLD3,1.049507449683981e-06,3.3492233769694124e-06,2.6327138546167195e-06
P5CR,0.00325650966101805,0.010392282862934933,0.00816903024829687
MEHLER_1,0.0,0.0,0.0
ICHORS,2.7670321216302974e-07,8.830245720757174e-07,6.941164452907077e-07
3OAS140,0.006123812220539462,0.01954251496844892,0.015361725427474354
PPK2,-2.465114533921051e-05,-7.866756187675741e-05,-6.183797159938992e-05
IPDPS_syn,0.0010833676528972922,0.0034572791931891758,0.0027176529621502094
GLYDHDA,-1.049507449683981e-06,-3.3492233769694124e-06,-2.6327138546167195e-06
SBP,0.0,0.040957678848641876,0.0
H4THDPS,0.0032872974372146462,0.010490533847044018,0.008246262101172491
EAR60y,0.006124172425904408,0.019543664467891856,0.015362629011012603
ZNabcpp,0.0,0.0,0.0
UAPGR,0.0006307451716282158,0.002012855148705953,0.0015822389374970552
DHAD1,0.004278035565445659,0.013652210594059246,0.010731551745647225
IPPS,0.0,0.0,0.0
ANS,0.0,0.0,0.0
SUCBZL,2.7670321216302974e-07,8.830245720757174e-07,6.941164452907077e-07
ADSL1r,0.002344334716912645,0.007481319584375866,0.005880818178996844
NNATr,3.566033112967215e-06,1.1380044485420626e-05,8.945477028413085e-06
PERD,3.602053649459559e-07,1.1494994429388037e-06,9.035835382482586e-07
PPBNGS,0.0006768977567026181,0.0021601388262798317,0.001698013770905043
ADOCBLS,7.040377587580048e-08,2.2467489111985711e-07,1.7660950974852326e-07
LTHRK,7.040377587580048e-08,2.2467489111985711e-07,1.7660950974852326e-07
PPS,0.0,0.0,0.0
APRAUR,4.2078535814141214e-07,1.3428243492512389e-06,1.055549860590011e-06
PDS2_1,0.0,0.0,0.0
O2tex,-0.20854977200885483,1.1028523647555244,1.0102648942337873
ALAALAr,0.0006307451716282158,0.002012855148705953,0.0015822389374970552
ADCPS2,7.040377587580048e-08,2.2467489111985711e-07,1.7660950974852326e-07
GF6PTA,0.0014775775247958328,0.004715294959325605,0.0037065375972160737
DNMPPA,1.049507449683981e-06,3.3492233769694124e-06,2.6327138546167195e-06
PGMT,-0.011183821711965618,-0.03569018698475027,-0.02805487695929179
G5SADs,0.00325650966101805,0.010392282862934933,0.00816903024829687
GLCP2_1,0.0,0.0,0.0
AGDI_1,0.0,0.0,0.0
LPADSS2,6.567653268853898e-05,0.0002095891540953443,0.00016475111023260655
GLYCK,0.0,0.0,0.0
DPR,2.6196753814822227e-07,8.359995948281629e-07,6.571516641684649e-07
EX_ptrc_e,0.0,0.0,0.0
EAR120y,0.006123812220539462,0.01954251496844892,0.015361725427474354
MAN1PT,0.0019444050007176817,0.006205050459222743,0.004877585181441412
NMNAT,0.0,0.0,0.0
TKT2,2.6133733634914336e-05,0.2933145474485883,0.19019259242400932
PSP_L,0.012826188287214917,0.32487742925480845,0.3380224816353047
HEX7,0.049256599765731816,0.490147945942288,0.37877952776330526
PPNCL2,2.6196753814822227e-07,8.359995948281629e-07,6.571516641684649e-07
CHORS,0.0053843079684623716,0.0171825841941225,0.013506661806359885
CYTBD4cm,0.0,0.04507062548240093,0.04972340575271358
PPNCL3,0.0,0.0,0.0
CS,0.015817602663531955,0.050477664187708826,0.039678824282532776
PPCDC,2.6196753814822227e-07,8.359995948281629e-07,6.571516641684649e-07
LDH_D,0.0,0.0,-0.03499178053543103
HPYRRy,0.0,0.0,0.0
ADMDC,1.2050506754555617e-06,3.845598136377089e-06,3.0228976552305378e-06
PRE3BS,7.040377587580048e-08,2.2467489111985711e-07,1.7660950974852326e-07
PPPGO2_1,0.0001688052911146265,0.0005386971072181746,0.00042345200006357187
BIOMASS_DNA,0.00010043923468699306,0.0003205250547537535,0.0002519541569599804
DMATT,0.0004637348534673741,0.0014798862193841221,0.0011632896688467068
DNAMTn2r,0.0,0.0,0.0
G3PD2,-0.0034498300735572853,-0.011009213447952432,-0.008653979000806493
BIOMASS_CELL_WALL,0.001093824542139171,0.0034906495688936173,0.002743884312098417
PHYTES,0.00015422650868176862,0.0004921728077056505,0.0003868807851522613
RB15BPtcx,0.0,0.0,0.0
MI3PP,0.0,0.0,0.0
MOHMT,2.6196753814822227e-07,8.359995948281629e-07,6.571516641684649e-07
GLXO3r,0.0,0.0,0.0
FBA,0.03418458751111597,-0.02878890057793171,0.05125273762561784
RZ5PP,7.040377587580048e-08,2.2467489111985711e-07,1.7660950974852326e-07
PROAKGOX1,0.0,0.0,0.0
ASAD,-0.008019162277385364,-0.02559101964534423,-0.020116255140936047
CYSS_2,0.0006340028150142989,0.0020232510495502933,0.0015904108117210296
LYCOPC,0.00015422650868176862,0.0004921728077056505,0.0003868807851522613
ACOTA,-0.002302118441759173,-0.020606155333338084,-0.016197817980832283
3HAD180,0.0014967379658973952,0.004776440401665178,0.003754602009492512
FTHFD,0.0,0.5673079460197229,0.6112361690056057
ALDD2y,0.0,0.0,0.0
3OAS80,0.006124172425904408,0.019543664467891856,0.015362629011012603
PSCVT,0.0053843079684623716,0.0171825841941225,0.013506661806359885
CBPS,0.005797698302206155,0.01850180929346551,0.014543661076201229
NTPP8,0.0,0.0,0.0
MEPCT,0.0018569189060796253,0.005925861899475825,0.0046581242776486675
PDX5POi,3.602053649459559e-07,1.1494994429388037e-06,9.035835382482586e-07
DHAD2,0.003984476723470249,0.012715395770740042,0.009995152560821115
DHFS,1.049507449683981e-06,3.3492233769694124e-06,2.6327138546167195e-06
PGCD,0.012826188287214917,0.32487742925480845,0.3380224816353047
SPMDabcpp,0.0,0.0,0.0
NTD6,0.0,0.0,0.0
NNDMBRT,7.040377587580048e-08,2.2467489111985711e-07,1.7660950974852326e-07
PRATPP,0.0011809243457557895,0.0037686053837727323,0.002962376195872666
ASNN,0.0,0.0,0.0
SERAT,0.0006340028150142989,0.0020232510495502933,0.0015904108117210296
PRAIS,0.002630232301724517,0.008393685546854327,0.006597998921986914
PRAMPC,0.0011809243457557895,0.0037686053837727323,0.002962376195872666
AMPMS3,3.4874428515158096e-07,1.1129244606652988e-06,8.748331529404019e-07
G1PCTYT,0.0,0.0,0.0
ACBIPGT,7.040377587580048e-08,2.2467489111985711e-07,1.7660950974852326e-07
SEPHCHCS,2.7670321216302974e-07,8.830245720757174e-07,6.941164452907077e-07
NMNDA,0.0,0.0,0.0
CA2abcpp,0.0,0.0,0.0
ORNTAC,0.002302118441759173,0.0,0.0
SUCBZS,2.7670321216302974e-07,8.830245720757174e-07,6.941164452907077e-07
UHGADA2,0.00013135306537707795,0.0004191783081906886,0.0003295022204652131
DHNANT,2.7670321216302974e-07,8.830245720757174e-07,6.941164452907077e-07
ASPO6,0.0,0.0,0.0
HGYDAS,7.040377587580048e-08,2.2467489111985711e-07,1.7660950974852326e-07
GGDPR,0.00015453031672878252,0.0004931423301349234,0.00038764289470568936
ASP1DC,2.6196753814822227e-07,8.359995948281629e-07,6.571516641684649e-07
PPNDH,0.0025475330436732996,0.008129772900550827,0.006390545909142821
ASPK,0.008019162277385364,0.02559101964534423,0.020116255140936047
DXPS,0.001857627855729723,0.005928124323379429,0.004659902694339856
ME2,0.00817305325022892,0.02608212167990734,0.020502294226633012
3PGtcx,0.0,0.0,0.0
DDPGA,0.0,0.0,0.0
PAPSR,0.0021426936461777265,0.006837835835785894,0.005374996861820228
SADT,0.0021426936461777265,0.006837835835785894,0.005374996861820228
BIOMASS_COFACTORS,1.6372971133907088e-05,5.224997467903654e-05,4.107197901128448e-05
DPCOAK,2.6196753814822227e-07,8.359995948281629e-07,6.571516641684649e-07
NH4tpp,0.0031,0.0031,0.0031
DM_h2_c,0.0,0.0,0.0
PC11M,7.040377587580048e-08,2.2467489111985711e-07,1.7660950974852326e-07
DPOR,0.0,0.0,0.0
ARGSL,0.0031988349758769095,0.010208229473137813,0.008024351958802195
HSK,0.0034865754555396923,0.01112647654348042,0.008746155646401235
MTHFD,0.006257979985990341,0.5878628095727436,0.6273936682122992
PMDPHT,4.2078535814141214e-07,1.3428243492512389e-06,1.055549860590011e-06
ARGabcpp,0.0,0.0,0.0
3HAD140,0.006123812220539462,0.01954251496844892,0.015361725427474354
ARGOXRum,0.0,0.0,0.0
DAPE,0.0032872974372146462,0.010490533847044018,0.008246262101172491
BCAROHX2,0.0001233812069454149,0.00039373824616452044,0.0003095046281218091
HPPK,1.049507449683981e-06,3.3492233769694124e-06,2.6327138546167195e-06
PANTS,2.6196753814822227e-07,8.359995948281629e-07,6.571516641684649e-07
AHCi,0.00015664243000507242,0.0004998825768687769,0.0003929411799978982
G6PDH2r,0.0,0.855657959109179,0.5740479222132191
ALAD_L,-0.08081610597196619,-0.5887577108279827,-0.6357257672200568
GTPCII,4.2078535814141214e-07,1.3428243492512389e-06,1.055549860590011e-06
GLCBRAN3,0.0011780872813458637,0.003759551648664482,0.002955259353795248
DB4PS,8.415707162828243e-07,2.6856486985024777e-06,2.111099721180022e-06
DXPRIi,0.0018569189060796253,0.005925861899475825,0.0046581242776486675
FBA3,0.018480028006329363,-0.040957678848641876,0.024579788666670765
RBFSa,8.415707162828243e-07,2.6856486985024777e-06,2.111099721180022e-06
GLUTRS,0.005197602273116606,0.016586762716477462,0.013038306225814922
MPOMMM,0.00015425361351661948,0.0004922593055628477,0.00038694877826039864
METAT,0.0001596370464254634,0.0005094390972375745,0.00040045324495906084
EAR160y,0.005861106089785306,0.01870415835206754,0.014702720986543927
DHORTS,-0.0025988633263292447,-0.008293579820327697,-0.006519309117399034
PDX5PS2,3.602053649459559e-07,1.1494994429388037e-06,9.035835382482586e-07
KARI_23dhmp_1,0.003984476723470249,0.012715395770740042,0.009995152560821115
ARGDC,0.0,0.0,0.0
GAPDi_nadp,0.0,0.015584709261220242,0.130340137466601
NTD7,0.0,0.0,0.0
AIRC3,-0.0026298835574393655,-0.008392572622393662,-0.006597124088833973
UMPK,0.003337652088727161,0.0106512272999905,0.008372577916007071
ASPOb,0.0,0.0469085756802675,0.127148995267588
RBFSb_1,4.2078535814141214e-07,1.3428243492512389e-06,1.055549860590011e-06
SUCDum,3.566033112967215e-06,0.046919955724752924,0.1271579407446164
FBP,0.0,0.02878890057793171,0.0
CITCIb,0.003984476723470249,0.012715395770740042,0.009995152560821115
MNabc_1,0.0,0.0,0.0
TMPK,3.4874428515158096e-07,1.1129244606652988e-06,8.748331529404019e-07
AGPR,-0.002302118441759173,-0.020606155333338084,-0.016197817980832283
IPMD,0.0,0.0,0.0
CDPMEK,0.0018569189060796253,0.005925861899475825,0.0046581242776486675
DVOCHR_1,0.00015425361351661948,0.0004922593055628477,0.00038694877826039864
H2CO3_NAt_syn,-0.021645835457033392,0.29733053079057803,0.233721707905586
HEMEOS,3.4874428515222094e-07,1.1129244606634781e-06,8.748331529403595e-07
PMANM,-0.0019444050007176817,-0.006205050459222743,-0.004877585181441412
RPE,0.005462999031213978,0.8971271513644395,0.584085166052488
MPOMT_1,0.00015425361351661948,0.0004922593055628477,0.00038694877826039864
CPPPGO2,0.0,0.0,0.0
PC17M_1,7.040377587580048e-08,2.2467489111985711e-07,1.7660950974852326e-07
UAMAS,0.0006307451716282158,0.002012855148705953,0.0015822389374970552
GLUCYS,0.0,0.0,0.0
NDHPQRum,0.0,1.9721905178051362,1.5920854917241
CYNL,0.0,0.0,0.0
DCTPD2,0.0,0.0,0.0
CYOOum,0.0878305431820276,0.21265503999250407,0.18426459351831226
BPNT2,0.0,0.0,0.0
METS_1,0.0014019318146360979,0.0044738918316885685,0.0035167785733602177
PRUK,0.0,0.0,0.0
FNOR_1,0.017838120393549706,-0.9613746766765504,-0.72850293356886
GART,0.0001830602189293309,0.0,0.0
IPPMIb,0.0,0.0,0.0
DMTPHT,2.7670321216302974e-07,8.830245720757174e-07,6.941164452907077e-07
PC6YM_1,7.040377587580048e-08,2.2467489111985711e-07,1.7660950974852326e-07
PGL,0.0,0.855657959109179,0.5740479222132191
DDPA,0.0053843079684623716,0.0171825841941225,0.013506661806359885
ASPCT,0.0025988633263292447,0.008293579820327697,0.006519309117399034
HSERTA,0.001245289384631025,0.003974009254819791,0.0031238373933623192
OMCDC,0.0,0.0,0.0
CYRDAAT,7.040377587580048e-08,2.2467489111985711e-07,1.7660950974852326e-07
MECDPDHf,0.0018569189060796253,0.005925861899475825,0.0046581242776486675
Htcx,0.0,0.0,0.0
H2Otpp,-0.15038783588752438,-2.218861086598947,-1.886006901473097
HISTP,0.0011809243457557895,0.0037686053837727323,0.002962376195872666
MTHFR3_1,0.00140228055892125,0.004475004756149232,0.003517653406513158
EX_ca2_e,0.0,0.0,0.0
3HAD40_2,0.006124172425904408,0.01954366446789184,0.015362629011012596
ZCAROTDH1,0.0,0.0,0.0
CYRDAR,3.520188793790024e-08,1.1233744555992856e-07,8.830475487426163e-08
BIOMASS_MEM_LIPIDS,0.002187649084278342,0.006981299137787235,0.005487768624196834
HCO3tcx,0.0,0.0,0.0
GLYALDDy,0.0,0.0,0.0
IMPC,-0.003810807903195155,-0.012161178006166394,-0.009559500284706639
BIOMASS_PROTEIN,0.007033498187943952,0.022445535341112165,0.017643693840813972
LDAPAT,-0.0032872974372146462,-0.010490533847044018,-0.008246262101172491
EX_nh4_e,-0.0031,-0.0031,-0.0031
3OAR40_2,-0.006124172425904408,-0.01954366446789184,-0.015362629011012596
RNDR2,9.038124972543757e-05,0.0002884276757707126,0.00022672346768200797
GRTT,0.0004634892589003575,0.0014791024697638066,0.0011626735891616606
NPDPS,2.4559456701656046e-07,7.837496203144667e-07,6.160796850451788e-07
3OAS100,0.006123812220539462,0.01954251496844892,0.015361725427474354
ADSL2r,0.0026298835574393655,0.008392572622393662,0.006597124088833973
MAN6PI,-0.0019444050007176817,-0.006205050459222743,-0.004877585181441412
HPROb,0.0,0.0,0.0
3OAS120,0.006123812220539462,0.01954251496844892,0.015361725427474354
NTPP2,0.0,0.0,0.0
EAR180y,0.0014967379658973952,0.004776440401665178,0.003754602009492512
DHQTi,0.0053843079684623716,0.0171825841941225,0.013506661806359885
3OAS60,0.006124172425904408,0.01954366446789184,0.015362629011012596
EAR40y,0.006124172425904408,0.01954366446789184,0.015362629011012596
MG2uabcpp,0.00015425361351661948,0.0004922593055628477,0.00038694877826039864
KARA1,-0.004278035565445659,-0.013652210594059246,-0.010731551745647225
TKT1,-0.012929091003243864,-0.06529523538999912,-0.028766109251382555
PTRCabcpp,0.0,0.0,0.0
IPDDI,-0.000309816399714959,-0.0009886964869025268,-0.0007771816466517513
PKETF,0.01833982250693022,0.37579329185726185,0.23246609045578026
ACODA,0.0,0.020606155333338084,0.016197817980832283
ENO,0.10656739186660484,0.4842409666713532,0.4156376074799085
NDHPQRcm,0.0,0.0,0.0
NI2uabcpp,0.0,0.0,0.0
Kabcpp,2.1284862474079213e-08,0.0,0.0
TDPDRR,0.0,0.0,0.0
UAGCVT,0.0006307451716282158,0.002012855148705953,0.0015822389374970552
TDPGDH,0.0,0.0,0.0
PRASCSi,0.0026298835574393655,0.008392572622393662,0.006597124088833973
PRFGS,0.002630232301724517,0.008393685546854327,0.006597998921986914
MG2tex,0.00015425361351661948,0.0004922593055628477,0.00038694877826039864
GLU5K,0.004154994476018248,0.0,0.0
TRDR,0.0,0.007878619151577901,0.00619312224396812
GLUPRT,0.002630232301724517,0.008393685546854327,0.006597998921986914
PSERT,0.012826188287214917,0.32487742925480845,0.3380224816353047
PC8XM,7.040377587580048e-08,2.2467489111985711e-07,1.7660950974852326e-07
GMPS2,0.00146647318628251,0.004679858421790528,0.003678682105709795
RBFK,4.2078535814141214e-07,1.3428243492512389e-06,1.055549860590011e-06
NTRIRfx,0.10054658309565204,0.32766045257934334,0.2568998650629821
UPP3MT,7.040377587580048e-08,2.2467489111985711e-07,1.7660950974852326e-07
ACS,0.038716494476748076,0.0,0.0
DHNCOAS,2.7670321216302974e-07,8.830245720757174e-07,6.941164452907077e-07
MCOATA,0.04436522453649836,0.14157979267802226,0.11129119791950423
GTHPi,0.0,0.0,0.0
ARGSS,0.0031988349758769095,0.010208229473137813,0.008024351958802195
PKETX,0.01836595630101958,0.6691078393058502,0.42265868287985564
PMPK,3.4874428515158096e-07,1.1129244606652988e-06,8.748331529404019e-07
HMBS,0.00016922443917565452,0.0005400347065699579,0.0004245034427262608
PTPATi,2.6196753814822227e-07,8.359995948281629e-07,6.571516641684649e-07
PGLYCP,0.0,0.0,0.0
HTHRPDH,3.602053649459559e-07,1.1494994429388037e-06,9.035835382482586e-07
UAGAAT2,0.00013135306537707795,0.0004191783081906886,0.0003295022204652131
SPTc,0.0,0.0,0.0
GTHOr,0.0,0.0,0.0
TDPDRE,0.0,0.0,0.0
SHK3Dr,0.0053843079684623716,0.0171825841941225,0.013506661806359885
ORPT,-0.0025988633263292447,-0.008293579820327697,-0.006519309117399034
PRPPS,0.007399573868428403,0.02361376833194464,0.018562003202165486
CITMS,0.003984476723470249,0.012715395770740042,0.009995152560821115
BCT1_syn,0.0,0.0,0.0
SPODM,0.0055038012635185785,0.003771843942808586,0.003212893344472292
TRDRf,0.0024688318939145555,0.0,0.0
AMPTASECG,0.0,0.0,0.0
SPRMS,0.0,0.0,0.0
PGAMT,-0.0014775775247958328,-0.004715294959325605,-0.0037065375972160737
NNDPR,3.566033112967215e-06,1.1380044485420626e-05,8.945477028413085e-06
ADSK,0.0021426936461777265,0.006837835835785894,0.005374996861820228
MECDPS,0.0018569189060796253,0.005925861899475825,0.0046581242776486675
FCLT,1.4551677598007018e-05,4.643780165532697e-05,3.650322180317324e-05
SHCHCS3,2.7670321216302974e-07,8.830245720757174e-07,6.941164452907077e-07
PPA,0.0,0.0,0.0
ADCYRS,7.040377587580048e-08,2.2467489111985711e-07,1.7660950974852326e-07
ATPPRT,0.0011809243457557895,0.0037686053837727323,0.002962376195872666
CUabcpp,0.0,0.0,0.0
DHQS,0.0053843079684623716,0.0171825841941225,0.013506661806359885
GTHRDH_syn,0.0,0.0,0.0
ANPRT,0.0009832830466745645,0.003137885840687481,0.0024665883989457935
PC6AR_1,-7.040377587580048e-08,-2.2467489111985711e-07,-1.7660950974852326e-07
ADK1,0.12280128412385238,0.2683342011650893,0.21092865108448677
PRAIi,0.0009832830466745645,0.003137885840687481,0.0024665883989457935
TRSARyr,0.0,0.0,0.0
CYNTtabcpp,0.0,0.0,0.0
RBPCcx,0.0,0.0,0.0
UPP3S,0.00016922443917565452,0.0005400347065699579,0.0004245034427262608
DHNPA_1,1.049507449683981e-06,3.3492233769694124e-06,2.6327138546167195e-06
MOBDabcpp,0.0,0.0,0.0
NADK,6.991258674204914e-07,2.231074176961556e-06,1.7537735038652968e-06
BIOMASS_RNA,0.0015629995973208783,0.00498789674246937,0.003920820853514216
NADTRHD,-0.09620586189605908,0.8402878144488568,0.5092262366258334
PGM,-0.10656739186660484,-0.4842409666713532,-0.4156376074799085
FE3abcpp,2.2041293740465722e-05,7.0338915912919e-05,5.529109814499118e-05
DM_dialurate_c,7.040377587580048e-08,2.2467489111985711e-07,1.7660950974852326e-07
CO2tex,-0.014444339332787506,-2.12463655980325,-1.8047635718032315
USHD2,6.567653268853898e-05,0.0002095891540953443,0.00016475111023260655
DHNCOAT,2.7670321216302974e-07,8.830245720757174e-07,6.941164452907077e-07
NPHBDC,2.4559456701656046e-07,7.837496203144667e-07,6.160796850451788e-07
DM_co_c,1.4551677598006378e-05,4.643780165532879e-05,3.650322180317328e-05
HCO3E_1_cx,0.0,0.0,0.0
DESAT16a,0.0021508714632414525,0.006863933159907195,0.005395511106183875
UAGDP,0.0014775775247958328,0.004715294959325605,0.0037065375972160737
BIOMASS_CARB,0.0013442346888930439,0.004289766828690646,0.0033720439910945323
EX_fe2_e,0.0,0.0,0.0
PQH2tcm,0.0,0.0,0.0
2PGLYCtcx,0.0,0.0,0.0
PDS1_1,0.0,0.0,0.0
EX_cu2_e,0.0,0.0,0.0
FRTT,0.00046298333409231976,0.0014774879455462244,0.001161404465010212
3OAS180,0.0014967379658973974,0.004776440401665178,0.003754602009492512
EAR80y,0.006124172425904408,0.019543664467891856,0.015362629011012603
DM_5drib_c,1.4293603799894486e-06,4.56142278948171e-06,3.5855837676851778e-06
SK_amylose_c,-0.007068523688075181,-0.02255730989198689,-0.017731556122771486
EAR140y,0.006123812220539462,0.01954251496844892,0.015361725427474354
EX_k_e,-2.1284862474079213e-08,-6.792496708274749e-08,-5.3393572714669826e-08
ACGS,0.0,0.020606155333338084,0.016197817980832283
CYTBD4um,0.0,0.8409703923733907,0.6787574781812454
DHPPDA,4.2078535814141214e-07,1.3428243492512389e-06,1.055549860590011e-06
DHFR,1.049507449683981e-06,3.3492233769694124e-06,2.6327138546167195e-06
BCAROHX,0.0001233812069454149,0.00039373824616452044,0.0003095046281218091
SK_14glucan_c,0.0,0.0,0.0
SK_glycogen_c,0.0,0.0,0.0
EX_h2o_e,0.15114710216138033,2.2212840826000493,1.8879115385856127
EX_o2_e,0.20854977200885483,-1.1028523647555244,-1.0102648942337873
EX_co2_e,0.014444339332787506,2.12463655980325,1.8047635718032315
EX_leu__L_e,-0.007240283034669505,-0.023105434080140864,-0.018162418439733905
MPOMC1_1,0.00015425361351661948,0.0004922593055628477,0.00038694877826039864
ERTHMMOR,0.003984476723470249,0.012715395770740042,0.009995152560821115
EX_cobalt2_e,-7.040377587580048e-08,-2.2467489111985711e-07,-1.7660950974852326e-07
EX_no3_e,-0.10054658309565204,-0.32766045257934334,-0.2568998650629821
EX_zn2_e,0.0,0.0,0.0
EX_fe3_e,-2.2041293740465722e-05,-7.0338915912919e-05,-5.529109814499118e-05
EX_so4_e,-0.0021426936461777265,-0.006837835835785894,-0.005374996861820228
AFAT,3.5038158226561165e-07,1.1181494581313818e-06,8.789403508414879e-07
EX_spmd_e,0.0,0.0,0.0
EX_mobd_e,0.0,0.0,0.0
DADK,0.0,0.0,0.0
G1SAT,0.0013537955134052362,0.004320277652559663,0.003396027541810086
EX_ni2_e,0.0,0.0,0.0
UAAGDS,0.0006307451716282158,0.002012855148705953,0.0015822389374970552
HEX1,0.049256599765731816,0.490147945942288,0.37877952776330526
URIDK2r,-7.268787414297688e-05,-0.00023196398212529143,-0.00018233922339193785
CHPHYS,0.00015425361351661948,0.0004922593055628477,0.00038694877826039864
EX_na1_e,-1.63729711386007e-09,-5.224997434716272e-09,-4.107197942859742e-09
PIuabcpp,0.00587089829149838,0.01873540755475626,0.014727284952495532
ARGDHpp,0.0,0.0,0.0
PHETA1,-0.0025475330436732996,-0.008129772900550827,-0.006390545909142821
PFK,0.03418458751111597,0.0,0.05125273762561784
DMPPS_syn,0.0007735512531823331,0.002468582706286649,0.0019404713154984581
ANS2,0.0009832830466745645,0.003137885840687481,0.0024665883989457935
3OAS160,0.006123812220539462,0.01954251496844892,0.015361725427474354
ACHBSb,0.003984476723470249,0.012715395770740042,0.009995152560821115
PC20M,7.040377587580048e-08,2.2467489111985711e-07,1.7660950974852326e-07
ADSS,0.002344334716912645,0.007481319584375866,0.005880818178996844
THRPDC,7.040377587580048e-08,2.2467489111985711e-07,1.7660950974852326e-07
MPOMOR_1,0.00015425361351661948,0.0004922593055628477,0.00038694877826039864
EX_cynt_e,0.0,0.0,0.0
IPPMIa,0.0,0.0,0.0
SPMS,1.2050506754555617e-06,3.845598136377089e-06,3.0228976552305378e-06
EX_h_e,-0.08299436497421023,0.5663012175987949,0.3299515273517021
BPNT,0.0021426936461777265,0.006837835835785894,0.005374996861820228
ICDHyr,0.015817602663531955,0.050477664187708826,0.039678824282532776
TMDS3,7.268787414297688e-05,0.00023196398212529143,0.00018233922339193785
GLYOX_1,0.0,0.0,0.0
MTRI,1.2050506754555617e-06,3.845598136377089e-06,3.0228976552305378e-06
CTPS2,0.0014404221519113466,0.004596723487078632,0.0036133324799049113
FE3tex,2.2041293740465722e-05,7.0338915912919e-05,5.529109814499118e-05
GTHS,0.0,0.0,0.0
AHSERL2_1,0.001245289384631025,0.003974009254819791,0.0031238373933623192
PEPC,0.040377867982784255,0.128855206696478,0.10128882123750871
CHORM,0.004399453116558942,0.01403968235586566,0.01103613049742914
NTRARf2,0.10054658309565204,0.32766045257934334,0.2568998650629821
FE2tex,0.0,0.0,0.0
G6PDA,0.0,0.0,0.0
MPML,0.00015425361351661948,0.0004922593055628477,0.00038694877826039864
Nat_Kpp,0.0,6.792496708274749e-08,5.3393572714669826e-08
PDH,0.034932211802463004,0.25563637720083965,0.20094731114054065
TPI,0.049211219410608464,-0.08076717291901048,0.06716960181445586
E4PD,3.602053649459559e-07,1.1494994429388037e-06,9.035835382482586e-07
GAPD,0.11939358015381976,0.8247031051873819,0.8840002265818142
CPPPGO,0.0001688052911146265,0.0005386971072181746,0.00042345200006357187
PRMICI,0.0011809243457557895,0.0037686053837727323,0.002962376195872666
CAT,0.003005463043256278,0.002695098844183357,0.002242513880677098
GLUR,-0.0006307451716282158,-0.002012855148705953,-0.0015822389374970552
OCBT,0.0031988349758769095,0.010208229473137813,0.008024351958802195
NI2tex,0.0,0.0,0.0
GLGC,0.008246610969421045,0.026316861540651375,0.020686815476566735
PYK,0.0547244862425791,0.31879814728382894,0.28558847258195036
CA2t2pp,0.0,0.0,0.0
ALAR,0.0012614903432564316,0.004025710297411906,0.0031644778749941103
SULR_2,0.0018792921996453238,0.0059972603043700855,0.004714248205083349
ADCS,1.049507449683981e-06,3.3492233769694124e-06,2.6327138546167195e-06
UGMDDS,0.0006307451716282158,0.002012855148705953,0.0015822389374970552
GLCDBRAN3,0.0,0.0,0.0
IG3PS,0.0011809243457557895,0.0037686053837727323,0.002962376195872666
RPI,0.0055295171346188,0.04168146705805442,0.010204106049222617
NAt3pp,-0.021645837094330506,0.20718920667581164,0.13427483889938818
MNtex,0.0,0.0,0.0
GLYCLTDx,-1.049507449683981e-06,-3.3492233769694124e-06,-2.6327138546167195e-06
FMNRy_1,7.040377587580048e-08,2.2467489111985711e-07,1.7660950974852326e-07
GHMT2r,0.007524756074681012,0.30795932095289613,0.3247237155908195
COBALT2tex,7.040377587580048e-08,2.2467489111985711e-07,1.7660950974852326e-07
PGPP_OLE_PALM,0.0005964038354228007,0.00190326392470011,0.001496092896664716
CU2tex,0.0,0.0,0.0
MEOHtrpp,0.0,0.0,0.0
MEOHtex,0.0,0.0,0.0
H2Otcx,0.0,0.0,0.0
Zn2tex,0.0,0.0,0.0
EX_photon410_e,0.0,-0.09536064490135876,-0.08345925190509372
EX_photon430_e,-0.00015425361351661948,-0.07606244407041421,-0.06380404216662079
EX_photon450_e,0.0,-0.017183322966455025,-0.004064515394681164
EX_photon470_e,0.0,0.0,0.0
EX_photon490_e,0.0,0.0,0.0
EX_photon510_e,0.0,0.0,0.0
DM_amob_c,3.602053649459559e-07,1.1494994429388037e-06,9.035835382482586e-07
ADNK1,0.00015664243000507242,0.0004998825768687769,0.0003929411799978982
OPMEACPD,3.602053649459559e-07,1.1494994429388037e-06,9.035835382482586e-07
OPMEACPR,3.602053649459559e-07,1.1494994429388037e-06,9.035835382482586e-07
EX_photon530_e,-0.14392426865006597,-0.10899882899479962,-0.07502292234426022
EX_photon550_e,-0.14392426865015295,-0.10899882899470736,-0.07502292234426022
SPP,0.0,0.0,0.0
SPMDtex,0.0,0.0,0.0
AGPAT160,0.00015775915514123175,0.0005034463075822053,0.00039574251098385964
EX_photon570_e,-0.14392426865015295,-0.10899882899479962,-0.07502292234426022
EX_photon590_e,-0.14392426865015295,-0.10899882899479962,-0.07502292234426022
EX_photon610_e,-0.14392426865015295,-0.10899882899479962,-0.07502292234426022
AGPATACP_HDE_PALM,0.0008289733836771804,0.0026454476681406036,0.002079499019258201
LEUtex,0.007240283034669505,0.023105434080140864,0.018162418439733905
BTS6,3.602053649459559e-07,1.1494994429388037e-06,9.035835382482586e-07
QUERT,0.0,0.0,0.0
EX_photon630_e,-0.14392426865015295,-0.10899882899479962,-0.07502292234426022
EX_photon650_e,-0.14392426865015295,-0.10899882899479962,-0.07502292234426022
EX_photon670_e,-0.14392426865015295,-0.10899882899479962,-0.07502292234419174
EX_photon690_e,-1.223066947448573,-0.7615031773020863,-0.6531978959402865
PMEACPE,3.602053649459559e-07,1.1494994429388037e-06,9.035835382482586e-07
G3PAT160,0.00015775915514123175,0.0005034463075822053,0.00039574251098385964
GLUDGE_HDE_HDE,0.0005242093469350118,0.0016728744514272274,0.0013149913426675763
G3PAT161,0.0013531827306121924,0.004318322119567831,0.0033944903619257775
HCO3tex,-0.021645835457033392,0.29733053079057803,0.233721707905586
G3PAT1819Z_1,0.0013424843523810604,0.0042841810961022865,0.0033676532312321393
EPMEACPR,3.602053649459559e-07,1.1494994429388037e-06,9.035835382482586e-07
GLUDGE_OLE_HDE,0.00027347938569424854,0.0008727365889121368,0.0006860294015905207
GLUDGE_OLE_PALM,0.00047260113126401106,0.00150818058249004,0.0011855309329769025
GLUDGE_HDE_PALM,0.0007233310922860095,0.0023083184443070007,0.0018144928735051812
GLNtex,0.0,0.0,0.0
AGPAT161,0.0005242093469350118,0.0016728744514272274,0.0013149913426675763
AGPATACP_OLE_HDE,0.00027347938569424854,0.0008727365889121368,0.0006860294015905207
AGPATACP_OLE_PALM,0.001069004966686812,0.0034114445071901497,0.0026816238296416186
GLUDGS_OLE_HDE,0.00027347938569424854,0.0008727365889121368,0.0006860294015905207
CYNTtex,0.0,0.0,0.0
GLUDGS_OLE_PALM,0.00047260113126401106,0.00150818058249004,0.0011855309329769025
GLUDGS_HDE_PALM,0.0007233310922860095,0.0023083184443070007,0.0018144928735051812
ARGtex,0.0,0.0,0.0
GLUDGS_HDE_HDE,0.0005242093469350118,0.0016728744514272274,0.0013149913426675763
TYRTRS,0.0018519200728856424,0.005909909455314832,0.0046455845882863184
DAGK160,0.0,0.0,0.0
MOBDtex,0.0,0.0,0.0
DAGK_HDE_PALM,0.0,0.0,0.0
DAGK161,0.0,0.0,0.0
NH4tex,0.0031,0.0031,0.0031
SQDGS_PALM_PALM,0.00015775915514123175,0.0005034463075822053,0.00039574251098385964
SO4tex,0.0021426936461777265,0.006837835835785894,0.005374996861820228
SQDGS_HDE_PALM,0.00010564229139117096,0.0003371292238336029,0.0002650061457530201
PGPS_OLE_PALM,0.0005964038354228007,0.00190326392470011,0.001496092896664716
DGDGS_HDE_PALM,0.00013853393496206318,0.0004420941400772992,0.0003475155988841431
PTRCtex,0.0,0.0,0.0
DGDGS_HDE_HDE,8.835943609311152e-05,0.00028197559628979327,0.0002216517011472429
NO3tex,0.10054658309565204,0.32766045257934334,0.2568998650629821
DGDGS_OLE_HDE,4.59963182960981e-05,0.00014678499379522993,0.00011538283456332525
DGDGS_OLE_PALM,9.617081716504976e-05,0.0003069035375827358,0.0002412467323002254
CDPDAGS_OLE_PALM,0.0005964038354228007,0.00190326392470011,0.001496092896664716
GLNTRS,0.003530816090347864,0.011267658741238307,0.008857134308088615
METTRS,0.0012449291792660795,0.003972859755376853,0.003122933809824073
SERTRS,0.0036841463508450424,0.011756971411674554,0.00924176683381836
NAtex,1.63729711386007e-09,5.224997434716272e-09,4.107197942859742e-09
PROTRS,0.00325650966101805,0.010392282862934933,0.00816903024829687
GLYTRS,0.004686419842627056,0.014955460197783035,0.01175599320613435
CYSTRS,0.0006323114870961612,0.0020178536271659837,0.001586168076289176
CA2tex,0.0,0.0,0.0
ARGTRS,0.0031988349758769095,0.010208229473137813,0.008024351958802195
Ktex,2.1284862474079213e-08,6.792496708274749e-08,5.3393572714669826e-08
TRPTRS,0.0009832830466745645,0.003137885840687481,0.0024665883989457935
HISTRS,0.0011809243457557895,0.0037686053837727323,0.002962376195872666
CO2tpp,-0.014444339332787506,-2.12463655980325,-1.8047635718032315
PHETRS,0.0025475330436732996,0.008129772900550827,0.006390545909142821
EX_pi_e,-0.00587089829149838,-0.01873540755475626,-0.014727284952495532
ASNTRS,0.002572853637149898,0.00821057682777883,0.006454063206969752
ASPTRS,0.00319250482750776,0.010188028491330813,0.008008472634345462
UDPGLDC,0.0,0.0,0.0
PItex,0.00587089829149838,0.01873540755475626,0.014727284952495532
AGTi,0.0,0.0,0.0
DBTS,3.602053649459559e-07,1.1494994429388037e-06,9.035835382482586e-07
THRTRS,0.0034865050517638167,0.0111262518685893,0.008745979036891486
LEUTRS,0.007240283034669505,0.023105434080140864,0.018162418439733905
ILETRS,0.003984476723470249,0.012715395770740042,0.009995152560821115
CHLADMT_1,0.0,0.0,0.0
LYSTRS,0.0026565522655864304,0.008477678698338065,0.006664023163675437
AOXSr2,3.602053649459559e-07,1.1494994429388037e-06,9.035835382482586e-07
AMAOTr,3.602053649459559e-07,1.1494994429388037e-06,9.035835382482586e-07
LIPOS2,3.602053649459559e-07,1.1494994429388037e-06,9.035835382482586e-07
ALATRS,0.005389066311602656,0.01719776917836014,0.013518598220831665
TRNFE,5.684695577692541e-06,1.814119120856149e-05,1.4260191112717976e-05
VALTRS,0.004277773597907511,0.013651374594464418,0.010730894593983057
FMETTRS,0.0,0.0,0.0
BACCL,3.602053649459559e-07,1.1494994429388037e-06,9.035835382482586e-07
BTNPL2,0.0,0.0,0.0
LIPAMPL_1,0.0,0.0,0.0
LIPOCT,3.602053649459559e-07,1.1494994429388037e-06,9.035835382482586e-07
LIPATPT_1,0.0,0.0,0.0
ZXANHX,6.169060347270745e-05,0.00019686912308226022,0.00015475231406090456
PHOA410um,0.0,0.09536064490135876,0.08345925190509372
PHOA430um,0.0,0.07557018476485136,0.0634170933883604
CPH4S,0.0,0.0,0.0
OGMEACPR,3.602053649459559e-07,1.1494994429388037e-06,9.035835382482586e-07
CDGS,0.0,0.0,0.0
PHOA450um,0.0,0.017183322966455025,0.004064515394681164
PHOA470um,0.0,0.0,0.0
PHOA490um,0.0,0.0,0.0
CCGS,0.0,0.0,0.0
CDGR,0.0,0.0,0.0
PHOA510um,0.0,0.0,0.0
PHOA530um,0.14392426865006597,0.10899882899479962,0.07502292234426022
PLYCOI,0.00015422650868176862,0.0004921728077056505,0.0003868807851522613
PHOA550um,0.14392426865015295,0.10899882899470736,0.07502292234426022
SAMTRI,0.0,0.0,0.0
EPXQR,0.0,0.0,0.0
UPPRT,0.0,0.0,0.0
PHOA570um,0.14392426865015295,0.10899882899479962,0.07502292234426022
PHOA590um,0.14392426865015295,0.10899882899479962,0.07502292234426022
PHOA610um,0.14392426865015295,0.10899882899479962,0.07502292234426022
ZCARDS,0.00015422650868176862,0.0004921728077056505,0.0003868807851522613
PHOA630um,0.14392426865015295,0.10899882899479962,0.07502292234426022
PHOA650um,0.14392426865015295,0.10899882899479962,0.07502292234426022
PHOA670um,0.14392426865015295,0.10899882899479962,0.07502292234419174
UDPGD,0.0,0.0,0.0
GMAND,0.00023749849046213864,0.0007579131491447827,0.0005957704887949056
GFUCS,0.00023749849046213864,0.0007579131491447827,0.0005957704887949056
PHOA690um,1.223066947448573,0.7615031773020863,0.6531978959402865
NADDP,0.0,0.0,0.0
DM_pho_loss_c,0.05756970746002639,0.15702469051688328,0.12163426148712758
ETCHLAS,0.0,0.16208756353786508,0.1318630168709675
ETBCARO,0.0,0.023944461967216082,0.01755161631179436
COLIPAabcex,0.0007592662738559419,0.0024229960011022465,0.0019046371125156828
MLDCP1App,0.0,0.0,0.0
CDPGLC46DH,0.0,0.0,0.0
AACPS6,0.0,0.0,0.0
ALDR18,0.00015425361351633488,0.0004922593055628924,0.00038694877826037257
ALDDC17,0.00015425361351633488,0.0004922593055628924,0.00038694877826037257
ALCD19,0.0,0.0,0.0
THZT,3.4874428515158096e-07,1.1129244606652988e-06,8.748331529404019e-07
MLDCP1Bpp,0.0,0.0,0.0
PHYPQOX,0.00015422650868176862,0.0004921728077056505,0.0003868807851522613
MLDCP2App,0.0,0.0,0.0
MLDCP2Bpp,0.0,0.0,0.0
LALGP,0.0,0.0,0.0
AGM4Pt2pp,0.0,0.0,0.0
AGMt2pp,0.0,0.0,0.0
CXANHX,1.5422650868176862e-05,4.9217280770565055e-05,3.868807851522614e-05
OGMEACPS,3.602053649459559e-07,1.1494994429388037e-06,9.035835382482586e-07
A5PISO,6.567653268853898e-05,0.0002095891540953443,0.00016475111023260655
KDOPS,6.567653268853898e-05,0.0002095891540953443,0.00016475111023260655
KDOPP,6.567653268853898e-05,0.0002095891540953443,0.00016475111023260655
EX_meoh_e,0.0,0.0,0.0
NO2tex,0.0,0.0,0.0
KDOCT2,6.567653268853898e-05,0.0002095891540953443,0.00016475111023260655
EGMEACPR,3.602053649459559e-07,1.1494994429388037e-06,9.035835382482586e-07
DXYTST,3.4874428515158096e-07,1.1129244606652988e-06,8.748331529404019e-07
UAG2E,4.236705808116156e-05,0.00013520317686150537,0.0001062787508783751
OANTS,0.0007592662738559419,0.0024229960011022465,0.0019046371125156828
ACGAMT,4.236705808116156e-05,0.00013520317686150537,0.0001062787508783751
Htabcpp,0.05538360230280892,0.0,0.0
ETAPCPSII,1.1513941492005277,0.8719906319576589,0.6001833787535339
STCHLPSIum,0.0,0.0,0.0
DEXZEAX,0.0,0.0020821271275840068,0.0015262275053734226
PFOR,0.0,0.0,0.0
ACMAMT,4.236705808116156e-05,0.00013520317686150537,0.0001062787508783751
ICLIPAabcpp,0.0007592662738559419,0.0024229960011022465,0.0019046371125156828
ICLIPAS,0.0007592662738559419,0.0024229960011022465,0.0019046371125156828
MOAT_1,6.567653268853898e-05,0.0002095891540953443,0.00016475111023260655
MPTG,0.0002102483905427386,0.0006709517162353177,0.0005274129791656851
MPTG2,0.0002102483905427386,0.0006709517162353177,0.0005274129791656851
UAGPT3,0.0006307451716282158,0.002012855148705953,0.0015822389374970552
GLYCOX1,3.4874428515158096e-07,1.1129244606652988e-06,8.748331529404019e-07
UM4PL,0.0,0.0,0.0
UM3PL,0.0,0.0,0.0
PAPPT3,0.0006307451716282158,0.002012855148705953,0.0015822389374970552
OANTIabcpp,0.0007592662738559419,0.0024229960011022465,0.0019046371125156828
OANTILpp,0.0007592662738559419,0.0024229960011022465,0.0019046371125156828
MDDCP1pp,0.0,0.0,0.0
MDDCP2pp,0.0,0.0,0.0
STACPSI,0.0,0.0,0.0
UDCPDP,0.0006731122297093774,0.0021480583255674584,0.0016885176883754303
MLTGY1pp,0.0,0.0,0.0
ETCPC,1.1513941492005277,0.8719906319576589,0.6001833787535339
GLYCOX2,0.0,0.0,0.0
NO2tabcpp,0.0,0.0,0.0
MLTGY2pp,0.0,0.0,0.0
MLTGY3pp,0.0,0.0,0.0
MLTGY4pp,0.0,0.0,0.0
AGM4PA,0.0,0.0,0.0
FALGTHLs,3.602053649459559e-07,1.1494994429388037e-06,9.035835382482586e-07
CLtex,0.0,0.0,0.0
EX_cl_e,0.0,0.0,0.0
AM3PA,0.0,0.0,0.0
AM4PA,0.0,0.0,0.0
SK_fum_c,0.0,0.0,0.0
MALCOAMT,3.602053649459559e-07,1.1494994429388037e-06,9.035835382482586e-07
DM_succ_c,0.0,0.0,0.0
AGM3PApp,0.0,0.0,0.0
AGM4PApp,0.0,0.0,0.0
UM4PCP,0.0,0.0,0.0
SK_akg_c,0.0,0.0,0.0
MDRPD,1.2050506754555617e-06,3.845598136377089e-06,3.0228976552305378e-06
NGAM_D1um,0.00012161311364853584,9.102144828138098e-05,6.401092050003697e-05
PSICRum,0.0,0.0,0.0
AM4PCP,0.0,0.0,0.0
4PCP,0.0,0.0,0.0
AGM4PCP,0.0,0.0,0.0
AGMH,0.0,0.0,0.0
PSIICRum,0.0,0.0,0.0
DM_ac_c,0.0,1.071923949783902,0.6763665183515266
AGM3PH,0.0,0.0,0.0
DM_lac__D_c,0.0,0.0,0.03499178053543103
ENOPH,1.2050506754555617e-06,3.845598136377089e-06,3.0228976552305378e-06
NGAM,0.0,0.0,0.0
QULNS,3.566033112967215e-06,1.1380044485420626e-05,8.945477028413085e-06
AGM4PH,0.0,0.0,0.0
LADGMDH,0.0,0.0,0.0
ILETA,-0.003984476723470249,-0.012715395770740042,-0.009995152560821115
ALAGLUE,0.0,0.0,0.0
CELLSYN,0.0,0.0,0.0
ALAALAabcpp,0.0,0.0,0.0
LEUTA,0.0,0.0,0.0
ARD,1.2050506754555617e-06,3.845598136377089e-06,3.0228976552305378e-06
VALTA,0.06925809970258642,0.5518734135323868,0.6067322395929804
NDPK3,0.0024288799920036755,0.007751123302095394,0.006092901968528151
NDPK6,0.0,0.0,0.0
NDPK1,0.2201092444957804,0.4885264366736991,0.3785871095175183
4PEPTabcpp,0.0,0.0,0.0
ALAALAD,0.0,0.0,0.0
ADPGLC,0.0,0.0,0.0
NDPK8,7.268787414297688e-05,0.00023196398212529143,0.00018233922339193785
UNK3,1.2050506754555617e-06,3.845598136377089e-06,3.0228976552305378e-06
NDPK5,9.038124972543757e-05,0.0002884276757707126,0.00022672346768200797
DALAabcpp,0.0,0.0,0.0
NDPK4,7.268787414297688e-05,0.00023196398212529143,0.00018233922339193785
ZISO,0.00015422650868176862,0.0004921728077056505,0.0003868807851522613
NDPK2,0.006940963719526674,0.022150236241626906,0.017411568973948226
3OAR180,0.0014967379658973974,0.004776440401665178,0.003754602009492512
3OAR140,0.006123812220539462,0.01954251496844892,0.015361725427474354
PAPA160,0.00015775915514123175,0.0005034463075822053,0.00039574251098385964
PHEOASE,0.0,0.0,0.0
PAPA_HDE_PALM,0.0008289733836771804,0.0026454476681406036,0.002079499019258201
PAPA161,0.0005242093469350118,0.0016728744514272274,0.0013149913426675763
PAPA_OLE_HDE,0.00027347938569424854,0.0008727365889121368,0.0006860294015905207
ACGK,0.002302118441759173,0.020606155333338084,0.016197817980832283
MCTP2App,0.0,0.0,0.0
MCTP1App,0.0,0.0,0.0
MCTP1Bpp,0.0,0.0,0.0
LEUabcpp,0.007240283034669505,0.023105434080140864,0.018162418439733905
ACLSa,0.008262512288915908,0.02636760636479929,0.020726704306468342
SULabcpp,0.0021426936461777265,0.006837835835785894,0.005374996861820228
PAPA_OLE_PALM,0.00047260113126401106,0.00150818058249004,0.0011855309329769025
TYRTA,-0.0018519200728856424,-0.005909909455314832,-0.0046455845882863184
ACLSb,0.004278035565445659,0.013652210594059246,0.010731551745647225
PHEOX_1,0.0,0.0,0.0
OPMEACPS,3.602053649459559e-07,1.1494994429388037e-06,9.035835382482586e-07
EAR100y,0.006123812220539462,0.01954251496844892,0.015361725427474354
EHGLAT,0.0,0.0,0.0
KAS15,0.004082781617269605,0.013029109645261225,0.010241752674008398
FALDH2,3.602053649459559e-07,1.1494994429388037e-06,9.035835382482586e-07
PHYTK,0.0,0.0,0.0
NDH_1_4_um_copy2,0.0,0.0,0.0
KARI_1,0.003984476723470249,0.012715395770740042,0.009995152560821115
3HAD120,0.006123812220539462,0.01954251496844892,0.015361725427474354
OGMEACPD,3.602053649459559e-07,1.1494994429388037e-06,9.035835382482586e-07
ACCOAC,0.044365584741863306,0.1415809421774652,0.11129210150304247
ASPO5,3.566033112967215e-06,0.046919955724752924,0.1271579407446164
PTHPS,2.458074156333471e-05,7.844288698563756e-05,6.16613620896414e-05
CITCIa,0.003984476723470249,0.012715395770740042,0.009995152560821115
DAGK_OLE_HDE,0.0,0.0,0.0
DAGK_OLE_PALM,0.0,0.0,0.0
3HAD100,0.006123812220539462,0.01954251496844892,0.015361725427474354
PNTK,2.6196753814822227e-07,8.359995948281629e-07,6.571516641684649e-07
3OAR120,0.006123812220539462,0.01954251496844892,0.015361725427474354
3OAR60,0.006124172425904408,0.01954366446789184,0.015362629011012596
3OAR100,0.006123812220539462,0.01954251496844892,0.015361725427474354
3OAR80,0.006124172425904408,0.019543664467891856,0.015362629011012603
ALCD1,3.602053649459559e-07,1.1494994429388037e-06,9.035835382482586e-07
NDH_1_1_um_copy1,0.0,0.0,0.0
NDH_1_4_um_copy1,0.11481687004132188,-7.754515002871476e-13,0.0
PCHLDA430,0.00015425361351661948,0.0004922593055628477,0.00038694877826039864
SFGTHi,3.602053649459559e-07,1.1494994429388037e-06,9.035835382482586e-07
PCHLDA650,0.0,0.0,0.0
GGCLUT2,0.0,0.0,0.0
SPR,2.458074156333471e-05,7.844288698563756e-05,6.16613620896414e-05
OPAH,0.0,0.0,0.0
ACGAMK,0.0,0.0,0.0
AMANAPEr,0.0,0.0,0.0
AGDC,0.0,0.0,0.0
ANHMK,0.0,0.0,0.0
RNDR4,7.268787414297688e-05,0.00023196398212529143,0.00018233922339193785
TRPS2,0.0003277610155581882,0.001045961946895827,0.0008221961329819312
PSICSum,1.1007602527037157,0.7543687885617172,0.6425786688944584
NAD_H2,0.0,0.0,0.0
PPND,0.0018519200728856424,0.005909909455314832,0.0046455845882863184
CBFCum,0.726041212715913,0.8024944742658667,0.6898185214838537
ACM6PH,0.0,0.0,0.0
SUCR,0.049256599765731816,0.490147945942288,0.37877952776330526
CLt3_1pp,0.0,0.0,0.0
Ktu,0.0,0.0,0.0
THBTGT,2.458074156333471e-05,7.844288698563756e-05,6.16613620896414e-05
FDH6,0.0,0.2141851477053342,0.24364708176896507
PCXHtpp,0.0,1.1734971192520927,0.7435590825089684
THISAT,3.4874428515158096e-07,1.1129244606652988e-06,8.748331529404019e-07
PSIIum,0.3040327841213396,0.22755362070345245,0.16002730125009243
ATPSum,0.367764350225252,0.6345870841031944,0.5213665954097455
CYSDES,3.4874428515158096e-07,1.1129244606652988e-06,8.748331529404019e-07
NO3abcpp,0.10054658309565204,0.32766045257934334,0.2568998650629821
GLNabcpp,0.0,0.0,0.0
GLNS,0.022732267805116335,0.0725439755253679,0.05702442266187839
MDDEP1pp,0.0,0.0,0.0
THII,3.4874428515158096e-07,1.1129244606652988e-06,8.748331529404019e-07
SHS1,3.4874428515222094e-07,1.1129244606634781e-06,8.748331529403595e-07
PSIICSum,1.2161311364853584,0.9102144828138098,0.6401092050003697
NDH_1_1_um_copy2,0.0,0.0,0.0
ASNS1,0.002572853637149898,0.00821057682777883,0.006454063206969752
MDDCP3pp,0.0,0.0,0.0
MDDCP4pp,0.0,0.0,0.0
MDDCP5pp,0.0,0.0,0.0
MDDEP2pp,0.0,0.0,0.0
MDDEP3pp,0.0,0.0,0.0
MDDEP4pp,0.0,0.0,0.0
MNHNAtpp,0.0,0.09014125096480186,0.09944681150542715
EX_sucr_e,-0.049256599765731816,-0.490147945942288,-0.37877952776330526
SUCRt2,0.049256599765731816,0.490147945942288,0.37877952776330526
