Sample,Se_Rt_cc_d1_1,Se_Rt_cc_d1_2,Se_Rt_cc_d1_3,Se_Rt_cc_d2_1,Se_Rt_cc_d2_2,Se_Rt_cc_d2_3,Se_Rt_cc_d3_1,Se_Rt_cc_d3_2,Se_Rt_cc_d3_3,Se_Rt_cc_d4_1,Se_Rt_cc_d4_2,Se_Rt_cc_d4_3,Se_Rt_cc_d5_1,Se_Rt_cc_d5_2,Se_Rt_cc_d5_3,Se_Rt_cc_d6_1,Se_Rt_cc_d6_2,Se_Rt_cc_d6_3,Se_Rt_cc_d7_1,Se_Rt_cc_d7_2,Se_Rt_cc_d7_3,Se_Rt_cc_d8_1,Se_Rt_cc_d8_2,Se_Rt_cc_d8_3,Se_Rt_cc_d9_1,Se_Rt_cc_d9_2,Se_Rt_cc_d9_3,Se_axen_d1_1,Se_axen_d1_2,Se_axen_d1_3,Se_axen_d2_1,Se_axen_d2_2,Se_axen_d2_3,Se_axen_d3_1,Se_axen_d3_2,Se_axen_d3_3,Se_axen_d4_1,Se_axen_d4_2,Se_axen_d4_3,Se_axen_d5_1,Se_axen_d5_2,Se_axen_d5_3,Se_axen_d6_1,Se_axen_d6_2,Se_axen_d6_3,Se_axen_d7_1,Se_axen_d7_2,Se_axen_d7_3,Se_axen_d8_1,Se_axen_d8_2,Se_axen_d8_3,Se_axen_d9_1,Se_axen_d9_2,Se_axen_d9_3
1)PDO,537254,641368,541050,596836.0,644170.0,664140.0,640123,593163.0,574069.0,524565.0,599400,584077.0,465106,576485,544541.0,611007.0,624104.0,552296.0,554640.0,558583.0,568974.0,630522,466756.0,556032.0,468477.0,548735,534400.0,532987.0,636685,663619,698186.0,616955,631930,620779.0,727317,605511,714144.0,700724,721740.0,561106,603878,630515,716946.0,646895,644933,601864,666479.0,608580.0,619573.0,663732,605216,608542,597838.0,634500
2)BDO,68406,76317,78862,79631.0,88282.0,100154.0,67106,57297.0,85422.0,54840.0,72747,81021.0,42055,87170,73620.0,103049.0,79900.0,72382.0,89396.0,60802.0,80554.0,45774,44703.0,72144.0,50284.0,69822,69888.0,78419.0,107266,123578,98278.0,108308,124052,89202.0,115877,128346,122993.0,119858,111619.0,87273,108334,119414,116796.0,119689,130010,103274,113340.0,110479.0,88208.0,111686,126193,98603,37934.0,108055
3)2-HPY,348831,595523,534314,521849.0,559894.0,579289.0,455390,478478.0,497038.0,418545.0,472484,477408.0,446620,492756,423204.0,360808.0,413950.0,414526.0,406750.0,390514.0,438403.0,432607,364609.0,389718.0,422442.0,368169,451424.0,546766.0,741237,695306,678719.0,656767,780153,625350.0,670753,650721,596706.0,478241,653776.0,655582,631482,583346,569026.0,700552,644055,547957,653735.0,629845.0,613826.0,721641,655682,553544,614104.0,712653
4)HCAFFA,32860,25425,17270,46762.0,22143.0,19529.0,38098,16453.0,16676.0,29215.0,16199,12831.0,32893,14000,8005.0,15628.0,10359.0,8061.0,15860.0,9872.0,9872.0,18663,8883.0,5645.0,14162.0,8523,6061.0,11068.0,6061,6036,11753.0,5366,7086,9478.0,6410,5014,8125.0,4545,3393.0,3880,5822,4290,6737.0,5679,3534,3881,4632.0,2603.0,5232.0,6254,3870,5756,2626.0,3646
5)m-HBA,93751,47656,29530,117845.0,44967.0,35103.0,89527,39920.0,35348.0,70655.0,39175,31527.0,62567,34845,32140.0,46707.0,33098.0,19949.0,46726.0,27148.0,20948.0,44850,25182.0,18209.0,38393.0,25877,19578.0,29430.0,14899,12112,20766.0,15805,14955,20852.0,16666,12464,16434.0,17569,13686.0,14896,14376,12237,16030.0,14742,9837,16039,14814.0,13126.0,20749.0,13353,10548,15165,12645.0,11266
6)p-HBA,22277,23522,18415,24197.0,15932.0,11343.0,20248,12859.0,11990.0,15490.0,15307,19414.0,14607,11909,8322.0,9479.0,4287.0,3329.0,10618.0,8891.0,8612.0,11943,7093.0,4793.0,10403.0,4759,4315.0,11941.0,1734,966,6113.0,2497,6604,8876.0,3678,4124,7752.0,9428,1627.0,3817,6815,2083,7854.0,4664,6622,7596,2983.0,3703.0,11640.0,7383,6890,3103,4619.0,7422
7)ART,7423,20292,11885,14714.0,18417.0,19764.0,10650,5879.0,5315.0,6517.0,4368,3840.0,5113,4654,0.0,0.0,0.0,0.0,0.0,0.0,167.0,0,0.0,0.0,0.0,0,102.0,7581.0,5448,10320,15274.0,9674,15370,15479.0,15977,12211,12046.0,4441,6304.0,5864,9625,12761,5271.0,14655,8920,4274,7227.0,5781.0,5925.0,16102,6587,7160,1936.0,14540
8)BZA,127518,127597,130866,169266.0,121830.0,171261.0,160297,134571.0,167060.0,220212.0,182953,150561.0,159526,167285,133461.0,105672.0,112642.0,97061.0,101000.0,107968.0,116983.0,87996,73363.0,96327.0,97411.0,104693,123160.0,129720.0,137000,170529,176460.0,144445,194292,307105.0,267460,276380,180066.0,174935,231646.0,139723,198123,240175,119777.0,221331,178852,113502,146753.0,134248.0,126256.0,190931,174184,144467,141501.0,177790
9)CAFFA,678542,105687,22527,697052.0,95213.0,35014.0,402653,60676.0,30043.0,240766.0,57641,19780.0,236570,45176,14732.0,93484.0,29355.0,11194.0,91532.0,25555.0,14451.0,86247,23262.0,10867.0,61996.0,19124,10352.0,15235.0,5130,3006,14259.0,6850,4814,17760.0,8116,4003,11030.0,4011,2565.0,8532,6252,3584,7410.0,7941,3748,6402,4046.0,2912.0,4920.0,4584,3053,6612,4964.0,2222
11)CGA,88183,11036,5499,91157.0,9978.0,4467.0,52669,8046.0,2698.0,28893.0,7525,7200.0,32718,6407,1596.0,14260.0,1944.0,1640.0,12007.0,3160.0,1684.0,9327,1867.0,563.0,4709.0,574,595.0,1789.0,3045,1781,4667.0,4812,1359,4297.0,4665,3116,4327.0,2427,1296.0,2301,5341,6791,2344.0,1942,3771,3119,2391.0,2853.0,2328.0,5859,8086,1164,1693.0,2133
13)CIT,555235,638913,237870,793139.0,530296.0,435443.0,381550,128138.0,108282.0,192516.0,129441,87922.0,329810,144398,82737.0,57131.0,68972.0,25007.0,99687.0,75084.0,165297.0,117400,48614.0,65008.0,48025.0,69711,202515.0,188684.0,150057,283141,195564.0,82534,267979,132691.0,99856,93178,51887.0,19521,27517.0,19942,22787,37962,8782.0,47143,25168,11959,19395.0,16017.0,6572.0,26499,18451,19574,11568.0,35541
14)FRU,12339,9893,3496,76528.0,75146.0,66170.0,225126,194726.0,226139.0,345971.0,263341,292438.0,467021,372313,788850.0,428866.0,431933.0,361990.0,400041.0,482810.0,651973.0,384618,425942.0,418690.0,263383.0,213910,461991.0,5005.0,4386,3462,56892.0,63643,88132,101400.0,114905,73219,124381.0,93724,80393.0,96144,105538,107053,125118.0,164866,141411,117020,141872.0,103945.0,133817.0,139419,173091,182034,101765.0,169963
15)GLC,16158,9927,7918,13370.0,29333.0,34975.0,34635,34437.0,51823.0,48739.0,53794,39466.0,37019,53090,43714.0,29169.0,20990.0,17352.0,20953.0,20622.0,40395.0,16699,23953.0,44991.0,20291.0,20710,38552.0,1227.0,663,324,21707.0,18897,27108,46965.0,52373,37690,56498.0,49068,42584.0,52806,76197,76726,75035.0,110756,87068,33852,83130.0,74428.0,90626.0,92751,71536,126392,87893.0,101760
16)RIB,26799,27696,16745,79338.0,64987.0,88716.0,132843,107403.0,47681.0,88179.0,168554,93339.0,167078,188204,134764.0,118658.0,122080.0,103665.0,132765.0,153086.0,197416.0,122043,118604.0,132930.0,98269.0,141925,193407.0,16459.0,15397,12095,70709.0,64915,105733,86152.0,70809,140853,75989.0,138700,164408.0,130497,111211,226362,74428.0,401538,189008,213533,256620.0,182482.0,216196.0,304384,263933,267988,241534.0,409982
17)THR-OL,21497,13399,15611,147143.0,146957.0,152850.0,374368,233477.0,301324.0,349915.0,304373,310956.0,378760,293205,250331.0,194669.0,233205.0,181126.0,254936.0,208785.0,280569.0,124746,122887.0,170292.0,102522.0,165329,255421.0,25952.0,32591,36136,169166.0,127848,234483,413661.0,446265,462176,388094.0,351934,453873.0,277563,392593,447370,306186.0,593857,385051,280835,348348.0,323590.0,285277.0,503070,417251,346167,323474.0,569094
18)XYL-OL,18745,15764,11780,19687.0,33276.0,16099.0,23613,15953.0,15386.0,27145.0,32022,25274.0,56203,53316,29882.0,26279.0,51752.0,41494.0,46265.0,54265.0,64401.0,22700,37870.0,49112.0,38730.0,54501,51091.0,7115.0,10417,5431,19314.0,12055,8611,11704.0,5726,8957,19418.0,13836,15080.0,24692,25717,21974,63231.0,52349,38021,53358,67945.0,66630.0,64850.0,60267,81912,76290,55814.0,79998
19)ERY-OL,12684,9964,8202,13409.0,14463.0,15950.0,33673,35166.0,38281.0,63091.0,70375,57647.0,122608,127080,89094.0,88040.0,123809.0,68365.0,90802.0,110742.0,199893.0,79011,77075.0,136846.0,64055.0,136476,231937.0,7028.0,6503,9377,15483.0,8975,10160,33185.0,18802,17376,33619.0,21231,26142.0,31435,29945,35737,33760.0,56497,31734,39376,36632.0,31657.0,46277.0,54755,47121,51078,38710.0,76188
20)EtN,18096,14871,20853,35082.0,20332.0,89881.0,14367,11203.0,68737.0,12843.0,22184,10589.0,13641,11667,10894.0,7500.0,4717.0,5203.5,4430.0,8885.0,12323.0,2500,3101.0,4356.0,3574.0,4877,6302.0,19756.0,9147,84923,76199.0,34499,132169,104326.0,105390,128679,49213.0,17538,24436.0,53659,64115,103989,37997.0,82177,86434,37769,55834.0,78127.0,8289.0,63842,114816,19528,7805.0,142825
21)FUM,46689,29741,21838,59638.0,26743.0,19965.0,51450,15553.0,14429.0,31493.0,16033,11188.0,28028,18190,9185.0,17861.0,9243.0,4851.0,20138.0,11517.0,10899.0,16191,5478.0,4388.0,12944.0,9237,6692.0,7532.0,5509,5554,8808.0,5208,5856,10038.0,6370,4108,8024.0,4092,4039.0,3146,5352,6387,3787.0,6150,4321,5157,8324.0,4376.0,4734.0,6947,4776,6086,2127.0,7024
23)MAG,148266,159210,86111,169103.5,190678.5,110761.0,189941,222147.0,162527.0,297399.0,192912,254462.0,92484,166133,174208.0,205439.0,102311.0,104431.0,154044.0,70880.0,113840.0,111153,56748.0,67614.0,72729.0,108037,104840.0,129912.0,119029,80740,97057.0,116937,133972,174078.0,104550,172960,215447.0,156430,143556.0,148844,79206,97095,153663.0,134986,79930,128853,182939.0,110341.0,210295.0,192100,150562,139274,151353.0,232958
24)GLY,0,8377,7903,14329.0,6074.0,9946.0,12861,4665.0,9717.0,4938.0,10143,4393.0,4902,8395,0.0,0.0,0.0,0.0,4689.0,7172.0,22387.0,659,3097.0,0.0,0.0,0,0.0,1189.0,1183,10282,11094.0,6064,12570,18719.0,16853,13614,13385.0,7463,9174.0,10323,12376,16340,8826.5,20113,14515,7330,12827.0,10540.0,0.0,21703,19132,18985,0.0,29649
25)GlyA,228246,241123,230496,247553.0,245804.0,252397.0,271229,249524.0,240467.0,249771.0,253154,252722.0,216641,246865,237878.0,240925.0,252993.0,234957.0,248010.0,249522.0,233190.0,239824,198271.0,225446.0,217609.0,232489,209802.0,215932.0,258109,262006,264325.0,257400,269449,250671.0,270921,233051,255946.0,284357,280414.0,247376,258341,252974,268733.0,262817,261128,268660,280086.0,249495.0,248783.0,274673,264022,263679,237237.0,271657
26)HQN,155700,65076,45530,175462.0,63498.0,44682.0,138213,53341.0,33334.0,107481.0,42715,31690.0,89216,39983,30735.0,69021.0,34837.0,28904.0,58409.0,33658.0,27609.0,54587,30486.0,24853.0,46337.0,26433,15744.0,14620.0,11111,11115,19658.0,12049,10155,16684.0,15290,10521,16062.0,13695,8679.0,17220,11773,8944,11273.0,10529,7025,11528,10806.0,8257.0,15586.0,10855,5960,10226,8302.0,6991
28)LACA,321406,338204,332992,1025988.0,883290.0,483966.0,1208266,394971.0,402501.0,863268.0,630101,476236.0,1238194,751956,519999.0,504126.0,443249.0,369447.0,421208.0,564984.0,686855.0,338290,454017.0,378494.0,347326.0,409375,792867.0,291906.0,353282,324273,813173.0,432690,466999,1139376.0,525243,476812,944304.0,635818,489828.0,413266,521254,554593,631735.0,430746,606653,306215,748023.0,437411.0,599240.0,509219,473392,804948,749886.0,528450
29)MAL,21552,20799,10332,75857.0,40289.0,35344.0,64262,48676.0,45194.0,48981.0,39604,36979.0,49589,35433,29472.0,18794.0,26085.0,13459.0,19279.0,18152.0,17736.0,15716,9773.0,8431.0,11041.0,11683,13008.0,3947.0,5668,4166,18368.0,15947,26977,34760.0,34993,36084,29793.0,26757,26943.0,24339,22480,37217,24954.0,50557,27336,26054,23716.0,19372.0,22037.0,32882,29402,23755,21512.0,31231
31)MALT,0,179,776,5808.0,45250.0,9896.0,163778,114658.0,186681.0,165365.0,147646,243099.0,81178,83555,163590.0,24734.0,40192.0,39495.0,19621.0,22442.0,37899.0,14508,16493.0,36493.0,12774.0,30303,16583.0,402.0,1345,204,30789.0,56720,33238,128949.0,206574,200514,198169.0,227041,274229.0,177018,270321,326528,256198.0,579847,308892,294645,365302.0,265494.0,366701.0,623370,502111,423303,405791.0,641429
32)INO,207798,197898,108327,184011.0,161125.0,182928.0,169809,131068.0,150699.0,183762.0,190066,143365.0,97654,114812,92225.0,66162.0,84666.0,53678.0,58641.0,67115.0,110448.0,46539,39903.0,57097.0,42752.0,51788,87381.0,176166.0,110104,141207,157649.0,92630,197664,206132.0,176357,166146,97345.0,106748,92793.0,58429,78769,93043,54505.0,95132,58571,38728,58664.0,48772.0,37242.0,82386,57899,41314,49418.0,75652
33)FA9:0,102376,145931,191758,170091.0,210038.0,529695.0,322628,256346.0,256689.0,230445.0,287403,395914.0,112246,261066,75737.0,31162.0,66018.0,26234.0,72900.0,165782.0,59826.0,33948,52752.0,30304.0,25272.0,63010,94015.0,86234.0,264971,106362,222395.0,307485,124797,355560.0,238926,472970,250593.0,384457,242732.0,154828,205072,429773,103502.0,218074,94669,97200,421570.0,170460.0,70641.0,255998,197583,72176,107842.0,126293
34)OXAL,53306,71282,35330,126833.0,78630.0,63566.0,120166,48332.0,45782.0,93152.0,40033,29365.0,70505,45704,21066.0,37350.0,30356.0,18598.0,39073.0,22949.0,26993.0,27816,9532.0,12318.0,20231.0,16868,17838.0,34777.0,20439,18960,40848.0,16002,29517,44934.0,27312,17415,28120.0,10503,14601.0,12082,14390,19323,17830.0,27602,14490,15005,13168.0,10991.0,16670.0,23866,18716,23700,15578.0,22678
35)FA16:0,133419,99221,117549,159352.0,120220.0,172816.0,130545,100495.0,118229.0,126652.0,119110,116997.0,89561,107193,70881.0,63538.0,47920.0,39944.0,67233.0,65347.0,91686.0,89085,42981.0,72451.0,66511.0,77997,179433.0,96315.0,84667,114588,95567.0,83635,111021,139172.0,151012,145446,125665.0,70638,124312.0,92723,101262,136771,77060.0,134576,98602,128725,61174.0,56013.0,99935.0,180548,112208,95260,104139.0,167158
36)PS,183616,185109,165614,218090.0,216760.0,236016.0,194121,202643.0,245957.0,200900.0,217871,219338.0,169666,184401,169524.0,143157.0,200629.0,139436.0,130454.0,137398.0,155167.0,135883,112526.0,124660.0,98672.0,133274,137079.0,169818.0,204802,219948,210172.0,185279,252897,260708.0,256883,247429,229228.0,229203,260556.0,204252,233288,221667,223683.0,313313,256442,202278,224457.0,199912.0,224877.0,248508,230286,222749,203771.0,251115
37)H3PO4,4367423,3390725,2489904,6936053.0,2157990.0,2506273.0,3857977,466204.0,747907.0,1144999.0,636036,474232.0,671928,461367,26470.0,52399.0,49094.0,13631.0,223834.0,195714.0,598601.0,84955,38782.0,11303.0,962.0,108750,239136.0,4894247.0,1908293,2000375,2870065.0,1664343,1825885,2770155.0,1811462,1337159,1493913.0,1061130,1299925.0,881965,1605189,1396988,786971.0,1649458,1292554,922302,949133.0,1075161.0,1187428.0,1412582,1587384,1394238,803145.0,1813177
38)PYR,16154,13938,12043,20605.0,14889.0,18270.0,18583,14083.0,14323.0,101839.0,113519,101467.0,101143,147835,111325.0,43388.0,55270.0,49994.0,83989.0,104198.0,83519.0,16392,17007.0,19215.0,12986.0,17647,20617.0,12637.0,18173,17780,17162.0,15251,19129,23489.0,24171,22442,116915.0,114884,113985.0,110297,137518,119564,54816.0,56907,50377,122497,118073.0,101177.0,22394.0,30015,30046,24409,20733.0,35050
39)QIC,138473,65855,21559,219727.0,64246.0,32262.0,130654,46576.0,26704.0,102537.0,43459,26164.0,113256,36826,19567.0,55194.0,26824.0,12630.0,45845.0,20990.0,16807.0,52431,22092.0,12151.0,41374.0,23176,17692.0,14565.0,9512,9620,12357.0,8299,9074,16755.0,13720,12827,14478.0,11240,10202.0,13883,9853,11467,10728.0,15027,7545,12570,10722.0,6925.0,15688.0,15001,9957,10731,9521.0,13670
40)FA18:1,117398,116189,57992,131717.0,70605.0,91417.0,117883,63109.0,54664.0,108412.0,83957,69085.0,89787,77099,49792.0,54468.0,40733.0,26303.0,51556.0,50137.0,84500.0,85319,38302.0,44437.0,48603.0,52412,122275.0,60975.0,58477,58376,73390.0,55289,90045,115659.0,127934,72732,60945.0,65866,72092.0,53572,62386,92213,46250.0,96564,48076,99779,62153.0,48652.0,46297.0,141805,109120,64214,58127.0,114701
41)SUC,10002,5085,4470,12767.0,7326.0,5129.0,8828,3330.0,3706.0,9140.0,3247,2427.0,9230,3870,6550.0,7101.0,4613.5,4703.0,4972.0,5357.0,2856.0,4648,2088.0,2413.0,2905.0,3189,1970.0,1162.0,1567,1972,5232.0,1997,2066,5719.0,3249,1205,3410.0,2019,1612.0,2371,3218,2869,1344.0,2895,4125,1430,3003.0,2058.0,2686.0,3717,2105,4346,2303.5,2502
42)SUCR,4322254,3885728,1923730,122173947.0,120346733.0,126577136.0,167687351,163796043.0,193541778.0,155744883.0,153333682,181407689.0,28328150,29136422,72171013.0,6990792.0,11235110.0,7726453.0,6519130.0,8524530.0,18338463.0,4225900,6171386.0,11546878.0,2437397.0,9503195,7409108.0,2371906.0,2803151,5289566,108953597.0,79641028,114926451,202621460.0,196384448,180772384,216402623.0,186768919,200938562.0,202490722,217806224,219136280,209296716.0,248798568,207329930,207734404,220460447.0,186965633.0,226721805.0,246981451,222409804,231482702,210726201.0,254294421
43)THY,102455,63103,48497,114993.0,24263.0,120751.0,89493,18699.0,63817.0,85377.0,52552,94346.0,74084,24174,48156.0,26518.0,42255.0,43301.0,65212.0,58547.0,42043.0,68096,38039.0,33908.0,19074.0,11630,10716.0,50176.0,102211,88992,40489.0,76979,94959,65350.0,127660,136352,67137.0,36118,147178.0,35250,61173,78299,63431.0,84313,72220,57156,131386.0,107303.0,59968.5,106957,60362,62781,60129.0,40103
44)unk-01,190611,208504,235057,306107.0,247740.0,235562.0,214281,201959.0,258894.0,415729.0,480904,490183.0,387768,451440,377514.0,42650.0,32485.0,12831.0,31147.0,7044.0,4262.5,22425,4684.0,11694.0,21344.0,26658,6880.166667,177607.0,189532,240171,201783.0,156388,269777,379584.0,430316,364096,513609.0,383317,477758.0,327356,424975,441738,52443.0,142995,124363,346253,488665.0,343579.0,151794.0,395010,275160,150504,213326.0,309940
45)unk-02,757753,669374,511060,721482.0,988332.0,814723.0,1101036,744002.0,762698.0,1128877.0,742717,1071348.0,641648,764283,839208.0,1134950.0,832075.0,912084.0,804065.0,818726.0,570876.0,726097,445177.0,595590.0,769185.0,647660,569933.0,508197.0,824354,630868,790423.0,588775,958181,604982.0,653937,593123,690304.0,788143,677938.0,574901,605781,616055,620908.0,715540,613275,639337,991544.0,600969.0,697486.0,771068,736642,760849,723600.0,627420
46)unk-03,1253207,1904587,1386435,1807425.0,2106194.0,2383969.0,1626163,1629289.0,2143680.0,1620890.0,1702475,1851832.0,1430741,1828715,1314270.0,1233522.0,1485491.0,1068721.0,1266014.0,1214393.0,1352669.0,1082340,1013217.0,757903.0,892281.0,973900,1013871.0,1188464.0,1533042,1949912,1600897.0,1631831,2211037,1899643.0,2055475,2280591,2071266.0,1904163,2262149.0,1343787,1873301,2203786,1668977.0,2303290,2049406,1570188,2055245.0,1700105.0,1265755.0,1987863,2026549,1599487,1807316.0,2139170
47)unk-04,18438,25174,20157,20487.0,17092.0,22548.0,21759,21154.0,35731.0,22378.0,18235,20074.0,15197,20094,18880.0,21259.0,20521.0,13679.0,25009.0,22831.0,20040.0,20421,14546.0,15009.0,16128.0,20146,14667.0,37484.0,23678,25296,28786.0,62739,58720,25441.0,20355,35552,22124.0,28707,21320.0,20187,23859,25798,23129.0,20117,33108,20538,25201.0,22650.0,21342.0,27838,21265,14853,23880.0,28478
48)OXAL,156602,56072,71163,97109.0,84889.0,146806.0,108689,36174.0,64338.0,109440.0,53897,132723.0,89424,117591,138209.0,79746.0,57298.0,67934.0,47563.0,42069.0,82376.0,26396,4155.0,11227.0,10512.0,17100,26236.0,220833.0,193575,363077,467250.0,230826,484367,448885.0,398161,365017,424697.0,317664,400715.0,369923,205650,410345,315149.0,503304,416245,237031,305705.0,339906.0,179125.0,424443,453085,300360,272101.0,473669
49)Me-GLY,66547,104856,87157,100187.0,74124.0,124422.0,99981,119409.0,69374.0,91387.0,101873,81018.0,73572,123586,173972.0,113554.0,88529.0,140427.0,62676.0,81439.0,224235.0,50897,81846.0,69373.0,48332.0,36239,125142.0,85998.0,52407,53190,176666.0,100592,60758,94195.0,63947,49040,85244.0,62785,47026.0,53203,94331,107615,66296.0,141181,54631,57805,32666.0,44963.0,100460.0,58704,112049,61086,37453.0,62338
50)MAL,37559,161292,50844,56934.0,172343.0,106404.0,63701,55611.0,77084.0,67546.0,62273,260913.0,60061,63986,127291.0,127121.0,218198.0,120731.0,110304.0,55263.0,56892.0,56387,95429.0,72403.0,98843.0,114739,74410.0,123834.0,78644,139499,77479.0,178624,286723,102777.0,93968,55203,321863.0,101244,298837.0,222097,394868,298336,240280.0,248834,72893,413854,254615.0,85413.0,218413.0,341171,259812,197062,214380.0,84541
51)unk-08,950945,936436,889164,863090.0,943870.0,1053604.0,1008052,930844.0,916177.0,999332.0,938750,986699.0,762701,997395,913467.0,988034.0,958199.0,867443.0,958887.0,908877.0,808986.0,882288,722748.0,781948.0,768781.0,903490,785824.0,805425.0,1006998,1063064,1028663.0,1053752,1125138,1046599.0,994761,917065,1130013.0,1199449,1142147.0,901987,995835,1007322,1079388.0,1051154,1039365,1120443,1107254.0,1012887.0,1017747.0,1082012,1039452,1034660,962381.0,1124202
52)BYD,912,6643,5174,115370.0,46230.0,131630.0,51397,3300.0,2375.0,2698.666667,2421,1869.5,3962,1551,1364.0,0.0,1127.0,0.0,0.0,3885.0,3979.0,0,0.0,0.0,0.0,0,0.0,7941.5,1752,14131,134215.0,62802,231776,249272.0,153609,143854,150628.0,47633,123686.0,45680,109739,166388,65440.0,166614,161828,87400,110118.0,165252.0,53930.0,162339,231198,98092,36470.0,247648
53)unk-10,30149,25936,34261,49686.0,42710.0,126194.0,52474,41300.0,54250.0,27753.0,56596,2307.0,47167,5917,2199.5,1674.0,39484.5,2092.0,1268.5,73052.0,74358.0,863,2737.0,1761.0,1071.0,228,724.0,472.0,6159,86887,84421.0,40310,128651,114459.0,62929,82019,75470.0,29070,38845.0,67755,69634,115680,51116.0,73183,75544,34477,63730.0,87145.0,3126.0,75457,108494,46882,0.0,159390
54)H3PO4,35968,5594,19673,61229.0,9842.0,268212.0,8171,5588.0,25901.0,4087.0,11090,45068.0,45538,2431,37666.0,2033.0,9250.0,689.0,11874.0,24343.0,118198.0,8580,10572.0,30402.0,315.0,28123,1707.0,39175.0,15273,132221,121911.0,63368,218370,270503.0,197996,162430,95346.0,52082,73294.0,6615,73146,148678,51459.0,139229,143398,13653,78094.0,138018.0,1287.0,91795,190671,71949,40953.0,247594
55)unk-12,207650,119055,213634,132156.0,291903.0,525796.0,373296,723066.0,584663.0,252937.0,542043,870384.0,373086,702717,103316.0,128426.0,128898.0,65524.0,131277.0,562504.0,409798.0,107523,273284.0,44170.0,183554.0,109297,197532.0,34886.0,622088,494001,497602.0,939355,245034,680356.0,388905,598693,536834.0,153617,775535.0,447523,372779,816651,88211.0,137533,395060,475275,461461.0,449014.0,492356.0,441110,693216,754521,394450.0,23024
56)unk-13,20016,23148,26784,21468.0,24359.0,28937.0,25636,24717.5,31897.0,23279.0,25076,20680.0,23079,31805,19518.0,22879.0,27281.0,16212.0,24701.0,22459.0,21470.0,19872,18682.0,21272.0,13010.0,13603,15603.0,17027.0,27693,28076,20984.0,29163,31719,24152.0,27653,33412,23623.0,37975,31859.0,28861,24963,24583,31123.0,35128,33436,24134,29646.0,34308.0,27282.0,31132,27435,32823,31912.0,30298
57)unk-14,35997,186666,54161,72178.0,17568.0,349555.0,39937,106798.0,5525.0,86571.0,118976,200873.0,104035,161569,183399.0,34796.0,134786.0,52052.0,27920.0,124187.0,15304.0,31641,25387.0,147508.0,23740.0,68800,125006.0,135530.0,159408,259624,227996.0,91134,267966,58836.0,200362,288748,154858.0,46259,244737.0,73059,94136,232025,11029.0,414726,258186,174635,252630.0,319755.0,71498.0,219828,371289,146035,24772.0,333548
58)unk-15,53229,42843,23184,70242.0,45913.0,36601.0,59059,40253.0,34027.0,51882.0,42915,29579.0,45451,27291,25131.0,37489.0,29064.0,15074.0,35256.0,18409.0,20071.0,33850,24899.0,13854.0,26312.0,20102,21348.0,20641.0,16482,20656,22007.0,19844,16838,28301.0,27486,20094,15509.0,28212,22368.0,16862,21968,13518,8365.0,15724,16999,16927,14849.0,11741.0,22009.0,14374,8797,21649,19979.0,9074
59)unk-16,38755,51863,45385,44504.0,44867.0,62801.0,60022,50693.0,51935.0,48879.0,53669,56635.0,59938,59871,52975.0,44333.0,84922.0,48068.0,46562.0,50362.0,78838.0,48992,37519.0,70974.0,43227.0,56929,58152.0,54922.0,47936,68018,50779.0,55204,72169,58515.0,66880,57490,51170.0,70288,59959.0,50411,60885,65715,64738.0,48861,55793,53033,71998.0,59720.0,51974.0,63406,53376,57729,55727.0,54942
60)MAL,50579,65529,29339,370927.0,358319.0,374599.0,547657,473124.0,623672.0,492362.0,616300,456366.0,437195,607922,315572.0,279819.0,327305.0,153616.0,157892.0,225649.0,221417.0,89710,93036.0,147786.0,56814.0,103783,136551.0,36695.0,40550,57944,278218.0,247187,594936,698046.0,660395,745374,456248.0,583545,800311.0,397314,660854,748202,437761.0,1046704,541095,562285,531788.0,338653.0,387735.0,916579,611133,488045,495979.0,664980
61)p-CUM,105445,148016,152515,188654.0,148655.0,155514.0,119682,159411.0,185298.0,97167.0,141414,94367.0,59571,128441,145951.0,95473.0,88301.0,51450.0,67101.0,63282.0,70520.0,106486,101173.0,90486.0,56250.0,96527,105151.0,158274.0,214707,214623,182883.0,149451,291609,266811.0,383284,341718,207738.0,250614,324875.0,84047,84736,77574,39606.0,118574,126858,40230,87963.0,56224.0,157748.0,177445,142049,199903,83735.0,105810
62)THR-OL,26106,30196,32075,88870.0,66543.0,69512.0,93300,61765.0,103283.0,79725.0,101610,71877.0,69782,67638,61083.0,60268.0,69439.0,27569.0,64505.0,64533.0,46446.0,45559,46094.0,32503.0,49811.0,45091,38109.0,24225.0,33793,26853,62196.0,62434,66877,86787.0,99449,73419,93982.0,70424,81021.0,55688,66514,89924,57473.0,88856,86392,54922,76301.0,53812.0,65998.0,83913,82423,58469,68535.0,103834
63)unk-20,117822,122560,116591,95323.0,120052.0,137144.0,113234,98110.0,122246.0,106790.0,119295,113167.0,89747,116602,84957.0,94808.0,90181.0,96610.0,83600.0,96941.0,138968.0,65954,71727.0,74047.0,75509.0,63995,79166.0,85920.0,91061,137718,108440.0,148362,158850,149457.0,147493,154608,126074.0,186102,221753.0,100034,105543,142195,109352.0,176056,137430,98205,141683.0,126093.0,96633.0,141305,206518,114716,109630.0,175886
64)unk-21,40116,85028,70160,168474.0,82036.0,58593.0,135651,23530.0,16487.0,78350.0,23855,13891.0,39215,22241,19770.0,11839.0,17299.0,17788.0,26340.0,18546.5,15806.0,22971,19794.0,24151.5,20605.0,18847,32497.0,125197.0,27542,21831,47153.0,52975,19045,72697.0,23259,889,1729.666667,4300,10628.0,18456,19974,13553,21032.0,24530,13724,19465,7530.666667,3127.0,25441.0,18064,16231,20829,2092.0,19510
65)unk-22,5298,4729,5469,9058.0,8093.0,13698.0,3712,7549.0,8562.0,4904.0,6677,4517.0,2293,8493,5491.0,1132.0,4064.0,6445.0,1362.5,5162.0,7399.0,1593,5051.0,4160.0,1128.0,12363,21063.0,9223.0,5943,3819,5132.0,25157,5805,13433.0,1175,2822,4296.0,20777,10682.0,10512,634,7686,6540.0,11476,12151,411,2305.0,16008.0,1725.0,13292,8364,13531,9149.0,9130
66)unk-23,79759,82640,84691,169904.0,52949.0,52260.0,56545,57803.0,84970.0,162466.0,169166,103629.0,72586,134307,119511.0,54060.0,66683.0,55489.0,68087.0,68081.0,92032.0,81764,66213.0,141874.0,59588.0,141902,181399.0,65505.0,77680,98303,82000.0,62920,97870,334838.0,350114,282365,163552.0,196284,265173.0,94799,127188,193562,72017.0,151138,105236,83809,165923.0,92689.0,137422.0,234731,153159,172258,141024.0,202879
67)Ac-OL,63082,151145,110228,96697.0,346377.0,393680.0,129753,62076.0,458453.0,127667.0,175862,336106.0,122689,246167,115865.0,115743.0,145232.0,95654.0,137646.0,76597.0,250194.0,80779,66871.0,104410.0,85846.0,112043,62035.0,140072.0,85585,109771,211425.0,269093,330615,177648.0,289804,125416,232691.0,279565,253098.0,258321,280011,340200,168747.0,487936,180761,224274,309700.5,146678.0,275757.0,331465,358532,198764,175597.0,505759
68)Ac-OL,43460,30172,20094,86373.0,72923.0,82660.0,64881,37547.0,38527.0,40501.0,33310,27828.0,27367,21273,16712.0,20460.0,19374.0,11778.0,22522.0,17263.0,18155.0,20052,15801.0,14629.0,16816.0,15010,21174.0,17275.0,14625,13385,55607.0,40140,85252,101374.0,68937,73862,101917.0,67749,89477.0,85981,74743,109027,96432.0,125535,95535,76521,86235.0,83121.0,87914.0,166915,118221,163396,107749.0,218654
69)unk-26,56650,21808,12420,156615.0,75330.0,123642.0,130447,123914.0,93558.0,162569.0,84878,125451.0,121885,68392,59950.0,124268.0,41361.0,92306.0,74439.0,87062.0,242581.0,15315,57911.0,9837.0,21156.0,8643,45829.0,85020.0,65484,17560,97765.0,38047,110742,397812.0,264930,425295,168823.0,72428,86287.0,111745,270373,117032,85459.0,154158,121067,74722,296083.0,121507.0,59161.0,174148,104856,217616,98682.0,92865
70)FAL,395103,307051,215778,525291.0,348766.0,311610.0,431328,284542.0,305150.0,387153.0,282030,248883.0,334211,253667,225672.0,223620.0,203845.0,155678.0,254567.0,197616.0,236612.0,231387,175323.0,188803.0,201440.0,194815,175488.0,275373.0,214058,161141,355403.0,186140,209020,298243.0,299932,265728,341386.0,299171,282133.0,279404,293874,281606,327250.0,450263,271849,301834,307478.0,252047.0,388466.0,386901,307317,373015,277864.0,443434
71)unk-28,62736,52191,26957,70569.0,51516.0,39990.0,80961,35680.0,28624.0,58152.0,41136,29172.0,45365,35411,17506.0,26178.0,28101.0,17820.0,33236.0,16630.0,17500.0,28818,11376.0,12986.0,17609.0,19450,18055.0,24049.0,20930,18397,23527.0,21683,23550,27585.0,23006,18899,22692.0,24229,19408.0,15592,26794,19343,18872.0,24441,21641,23254,21430.0,13057.0,21713.0,25204,19858,23071,17700.0,21295
72)unk-29,278819,389363,46806,446985.0,117668.0,438374.0,423158,317315.0,209192.0,266814.0,475996,310810.0,234566,334379,144406.0,177523.0,257113.0,163051.0,133130.0,151087.0,190167.0,50716,27166.0,35490.0,28392.0,22405,155470.0,290591.0,65730,334350,488673.0,19294,131861,406537.0,77312,127128,263920.0,52112,256777.0,75635,46866,130136,192518.0,126899,64133,397899,334858.0,183320.0,208829.0,95737,302507,291615,307758.0,502588
73)GlcN-1P,56502,62089,47878,102213.0,90856.0,82846.0,65068,59796.0,42226.0,63502.0,77427,62355.0,123937,80984,152313.0,63813.0,84534.0,53331.0,69129.0,126745.0,71897.0,71127,59118.0,64325.0,45113.0,46199,147669.0,55301.0,38342,54359,56634.0,38900,76877,99992.0,59171,77276,110957.0,79431,90279.0,54865,87467,102502,92731.0,145252,82468,61665,89272.0,63780.0,71770.0,119046,92578,85206,88077.0,139469
74)MeGAL,10426,33724,4026,45015.0,17475.0,35499.0,91463,104337.0,79083.0,166293.0,149921,97439.0,326580,146517,149727.0,85805.0,108170.0,83099.0,78128.0,64386.0,103555.0,43697,44285.0,66918.0,16742.0,36458,66971.0,6519.0,4224,27670,11633.0,14478,10926,44742.0,39542,32778,47508.0,23675,61550.0,25866,25830,37287,15599.0,26883,23896,34190,14339.0,8383.0,23948.0,34061,12624,24402,49345.0,36754
75)unk-32,271162,171796,105412,294969.0,256826.0,197585.0,288859,151331.0,176799.0,324014.0,206769,189860.0,248971,190499,187973.0,157520.0,204677.0,168600.0,146881.0,166653.5,197668.0,125928,128630.0,147194.0,100916.0,118399,138967.0,75363.0,153940,94838,178582.0,194928,223952,190596.0,215011,145724,272301.0,144969,204079.0,215001,137928,139429,149171.0,256450,157847,96945,191632.0,175246.5,149607.0,206607,192646,257919,163916.0,361262
76)GLC-LCN,87368,88998,59956,89205.0,101708.0,84215.0,91042,99266.0,87095.0,111592.0,101984,83966.0,85656,59709,59626.0,49772.0,47547.0,39482.0,44903.0,36960.0,76412.0,32200,43552.0,48593.0,41694.0,33581,59897.0,46085.5,39031,46404,70477.0,56428,74395,100194.0,92850,85674,97644.0,87778,84133.0,56508,60841,101078,58686.0,113231,45751,89045,62898.0,46702.0,79137.0,116068,98134,102203,61260.0,130921
77)GAL,1855,353,0,6871.0,15003.0,3820.0,19935,22049.0,34935.0,65488.0,52362,64996.0,52459,56494,69610.0,30717.0,42979.0,24534.0,35617.0,36823.0,70676.0,29038,30506.0,46605.0,21989.0,25963,47888.0,0.0,0,0,19999.0,279,2679,11350.0,11004,9416,12237.0,2496,4009.0,9930,2331,3854,23534.0,11505,10082,11667,18800.0,3842.0,2500.0,4579,3212,26831,3680.0,10095
78)unk-35,53032,46285,51019,103818.0,106404.0,111863.0,70624,84407.0,94177.0,133065.0,83316,130254.0,78022,88319,66883.0,50617.0,64823.0,41601.0,55876.0,57776.0,94667.0,49783,51911.0,45699.0,67912.0,58269,79748.0,45340.0,55459,93255,97181.0,69411,85818,115049.0,122360,94972,116356.0,72830,80291.0,70530,81935,131303,62531.0,160785,94210,67366,64636.0,64450.0,71403.0,105102,141613,69123,85031.0,150161
79)unk-36,16383,40650,35727,47895.0,31001.0,66807.0,65225,67254.0,73018.0,43618.0,57879,49655.0,51184,62813,31874.0,27505.0,50046.0,16771.0,22226.5,34267.0,39539.0,16948,15785.0,40397.0,9672.0,39216,70105.0,46859.0,45922,73207,37542.0,35693,51404,30120.0,49434,41685,38732.0,38245,66364.0,15358,43494,63706,21552.0,63778,37770,22001,30112.0,31241.0,20739.0,43748,40498,10326,38600.0,48023
80)unk-37,21260,10415,55513,13832.0,11698.0,20237.0,10965,9901.0,15639.0,10738.0,10101,16067.0,8014,11336,8216.0,8247.0,8555.0,6180.0,7941.0,5706.0,9393.0,5868,6304.0,5019.0,5823.0,15661,7415.0,19417.0,24568,11622,11911.0,14252,12754,9936.0,10512,26740,16193.0,10599,11289.0,5518,12752,20630,6370.0,10886,8363,8230,7039.0,4108.0,3743.0,8287,4426,4315,5627.0,12313
81)GALOA,33995,34495,24688,40403.0,32427.0,33050.0,33750,23698.0,37310.0,25290.0,35556,33713.0,27728,23972,20348.0,16347.0,23203.0,11706.0,15949.0,16239.0,22706.0,10424,20867.0,21452.0,15607.5,25495,20791.0,27926.0,23505,37605,32586.0,15694,37122,40263.0,36536,50830,35658.0,20044,21030.0,23646,22715,34798,20831.0,43259,24677,18547,20464.0,16960.0,9742.0,33347,19466,11676,22131.0,43763
83)unk-40,22016,21425,12425,16120.0,18727.0,15350.0,16099,12398.0,11559.0,25059.0,23732,18627.0,12756,9162,8375.0,4841.0,7072.0,4517.0,6372.0,9519.0,14883.0,5532,6517.0,10696.0,7209.0,12451,22419.0,17566.0,10726,14478,5055.0,10784,12449,14274.0,13745,11287,10042.0,9529,9775.0,6564,14911,12240,8751.0,17127,10343,7595,6703.0,7302.0,4113.0,10211,11435,5561,6062.0,22758
84)FA17:0,17653,90314,76866,43748.0,117113.0,130828.0,45556,93360.0,108986.0,46021.0,37322,109790.0,49839,49422,90498.0,25693.0,29100.0,81681.0,64588.0,83495.0,57125.0,86277,27172.0,42190.0,66339.0,41298,65556.0,31346.0,39814,50318,59615.0,21173,51504,84296.0,42027,143758,145062.0,41343,119459.0,34131,143197,126458,87531.0,57595,132150,30255,115365.0,69753.0,41377.0,122819,103025,101578,130511.0,131584
85)unk-42,7359,10279,7976,28425.0,23253.0,59028.0,62133,44098.0,60610.0,89248.0,90817,82833.0,108084,83136,40519.0,46089.0,70987.0,48876.0,31802.0,33669.0,34028.0,14694,11437.0,23860.0,10194.0,23898,38391.0,7950.0,4868,18562,16050.0,5681,20263,65177.0,57123,51573,81487.0,53009,71185.0,68418,103391,99758,88269.0,183824,86128,58870,124188.0,77488.0,61024.0,174276,140847,74314,103405.0,217320
86)GSH,2446,3117,1107,39611.0,13377.0,20671.0,30183,12287.0,16581.0,20794.0,15642,14311.0,23332,12851,10097.0,6083.0,5100.0,4610.0,5833.0,5321.0,11377.0,3739,4203.5,2936.0,2678.0,3086,7470.0,1204.0,3665,2670,6183.0,3581,5669,15718.0,15769,12800,13551.0,8779,12172.5,10533,11526,11545,10219.0,14854,7229,5546,10181.0,7975.0,2892.0,12464,7230,7500,6949.0,12210
88)unk-46,42735,90684,23465,236551.0,128603.0,164049.0,165167,34943.0,43360.0,63163.0,74702,17039.0,118798,42762,30232.0,20304.0,14745.0,10134.0,11911.0,30703.0,25831.0,42796,15982.0,15797.0,7096.0,24252,16484.0,2434.0,28854,315,123700.0,28905,41928,100826.0,100432,81284,159730.0,19620,17848.0,23294,48208,28465,19551.0,81216,81507,13975,38975.0,14888.0,11481.0,36204,23335,33450,11867.0,39972
90)unk-48,7142,2608,1040,1860.0,1009.0,1005.5,431,701.0,971.0,654.0,1692,1279.0,453,2683,855.0,577.0,217.0,143.0,861.0,6178.0,402.0,231,12139.0,3331.0,43.0,1401,20187.0,932.0,0,0,558.0,331,152,8766.0,455,3359,4694.0,285,733.0,5240,1159,0,1582.0,2684,0,1042,0.0,0.0,4549.0,0,0,35301,1494.0,336
91)unk-49,73643,64598,59343,82250.0,77624.0,63205.0,68480,58534.0,61414.0,82335.0,57087,60553.0,67397,58425,47773.0,49344.0,50077.0,44431.0,52495.0,47811.0,46538.0,60616,43866.0,45340.0,45219.0,52822,70622.0,52728.0,48948,63946,67573.0,53538,67074,79583.0,66341,71620,68434.0,60971,75170.0,76107,56687,78456,65272.0,84515,70054,52479,70169.0,64058.0,79866.0,83107,80303,93582,70629.0,110088
92)ARB,51022,24457,14937,319666.0,193218.0,272871.0,638393,348429.0,624356.0,384442.0,355643,486266.0,74263,55812,119337.0,21960.0,53642.0,21818.0,22392.0,27696.0,66949.0,26538,6113.0,45434.0,13867.0,31593,42004.0,14822.0,6418,12060,171618.0,166814,299305,538138.0,539752,583661,658576.0,606765,765105.0,430343,666414,963572,556388.0,1699125,692820,592171,712420.0,610258.0,701095.0,1706466,1125024,717889,677377.0,1732203
93)unk-51,35830,64720,12826,49776.0,34819.0,22549.0,39327,82547.0,20000.0,110593.0,15225,82077.0,10752,33481,59165.0,69291.0,23262.0,39449.0,65643.0,13043.0,16714.0,27622,7953.0,8871.0,11817.0,41809,28744.0,55538.0,48702,7486,8384.0,13515,25977,18530.0,9853,95124,85366.0,19318,32666.0,22910,9791,9915,14571.0,14778,8184,63117,119090.0,28074.0,149793.0,83710,17390,16027,26469.0,122086
94)LACT,16007,6436,1506,84044.0,75852.0,106967.0,197404,138159.0,216211.0,131165.0,120432,164606.0,26730,21401,36441.0,1811.0,14177.0,431.0,1419.0,1445.0,6343.0,375,849.0,5036.0,203.0,4294,1415.0,8176.0,3087,3000,83819.0,63138,98688,266317.0,208882,210589,280097.0,202266,261260.0,182997,245270,312887,236038.0,729575,260336,263056,276840.0,237193.0,384596.0,623832,430686,358435,267157.0,633064
95)SUCR,1722,346,224,135125.0,44995.0,83326.0,102756,119030.0,236761.0,78022.0,99519,218379.0,18460,7541,76972.0,1554.0,10171.0,1875.0,304.0,3010.0,10233.0,3028,2416.0,12301.0,439.0,6126,11793.0,7249.0,945,1280,49555.0,79661,65925,215473.0,230442,208253,278782.0,295457,300796.0,246723,325504,367872,359972.0,669244,359890,388381,449697.0,340563.0,459726.0,734620,585026,567290,507191.0,787696
96)LACT,3567203,3255042,299517,209411.0,92546.0,110329.0,191883,124108.0,155342.0,100051.0,153420,290053.0,54878,20851,125260.0,138972.0,83879.0,9851.0,144050.0,11561.0,58153.0,9569,52814.0,68083.0,17228.0,44882,12559.0,372914.0,2312796,70585,90986.0,152780,125381,144570.0,148499,172285,547331.0,353602,582915.0,460023,639975,737133,552383.0,1355429,593345,760183,878020.0,621734.0,928244.0,1462815,1133266,1073071,942614.0,1641070
97)LAC-OL,167,243,319,1914.0,15617.0,46324.5,77032,96844.0,112252.0,35111.0,30764,109419.0,16544,21129,26655.0,2346.0,3812.0,2165.0,2263.0,2066.0,5559.0,996,3217.0,353.0,607.0,1206,957.0,435.0,0,0,4680.0,55997,47890,117297.0,154925,143790,169181.0,203930,206330.0,175323,245639,246078,254952.0,331692,232499,248451,281637.0,222753.0,290922.0,378914,316766,312668,296839.0,365161
98)3HBA,12926,12843,12682,17760.0,11364.0,19739.0,11857,13073.0,29148.0,20228.0,13119,15443.0,10729,11394,13612.0,11016.0,12911.0,13441.0,11842.0,12188.0,11300.0,12932,10731.0,13584.0,9277.0,12445,13589.0,10423.0,13867,14331,14979.0,14889,14384,12321.0,16413,13823,13026.0,7725,15033.0,13340,12196,16957,12698.0,14338,15286,13424,14129.0,12650.0,14584.0,12597,13514,13337,13159.0,17476
99)kLEU,25124,31453,14771,31145.0,30429.0,14377.0,15987,15799.0,15391.0,17430.0,14298,14824.0,15253,14172,11573.0,12985.0,10104.0,11101.0,13120.0,12004.0,9315.0,10042,9635.0,7876.0,10959.0,8771,7080.0,19071.0,15889,17096,17264.0,32453,16646,16299.5,18823,13367,15335.0,15634,11392.0,16013,14082,12337,15558.0,18369,15729,13057,12848.0,12678.0,17280.0,18499,11312,12803,17922.0,13722
101)MAE,47847,61585,27904,45316.0,45018.0,30526.0,49938,29903.0,28573.0,55199.0,57527,31556.0,41660,48537,36642.0,42478.0,42402.0,19314.0,45296.0,44267.0,25986.0,38889,33001.0,22889.0,19506.0,21771,18374.0,18530.0,29322,33320,34904.0,50542,31560,58436.0,52570,28090,31155.0,38924,31926.0,31414,32054,31713,34617.0,33838,31156,42570,48619.0,46178.0,52487.0,55023,28460,48345,19522.0,33275
102)PORP,118941,123323,132956,151015.0,146439.0,233288.0,127870,116431.0,109377.0,106267.0,129872,103120.0,113103,97442,105272.5,89128.0,99349.0,104238.5,103205.0,151512.0,140459.0,133136,127139.0,78898.0,111150.0,111593,64652.0,96386.0,106403,129962,136157.0,142177,142201,161703.0,84411,116241,108444.0,90893,73209.0,168206,211795,114435,75732.0,136482,117216,123262,85745.0,88400.0,75651.0,142376,77166,166665,72149.0,100293
103)3HPA,9363,6456,4793,8985.0,7340.0,5935.0,5848,5109.0,11392.0,6942.0,10182,11305.0,8166,10499,7977.0,5856.0,5544.0,3822.0,5665.0,6386.0,5359.0,6757,5825.0,6630.0,4936.0,10275,9806.0,15616.0,10529,13931,16614.0,18675,17013,17640.0,12973,13181,17134.0,21280,13872.0,17443,13412,18143,12571.0,21119,11331,13867,12592.0,20716.0,30947.0,12641,20831,20674,13746.0,19326
104)PHE,72296,88422,87018,90710.0,112105.0,109578.0,102975,81115.0,132138.0,72297.0,44955,72247.0,101619,50129,41914.0,52297.0,110315.0,73478.0,82520.0,72224.0,105042.0,32369,64276.0,62234.0,52648.0,59441,112261.0,81568.0,99902,139581,149156.0,98834,157895,137622.0,169819,121747,112959.0,159606,104149.0,119430,80682,113864,101083.0,97155,108504,102563,116525.0,105821.0,113145.0,121245,109479,96862,139280.0,130868
105)XYL-OL,32824,19803,11309,46187.0,34405.0,28872.0,35875,24180.0,19957.0,30573.0,28298,16752.0,36463,26463,16449.0,18274.0,20380.0,12023.0,17815.0,33664.0,33161.0,17173,14713.0,13709.0,21000.0,22599,24634.0,3422.0,3159,2883,12148.0,4881,20313,14292.0,8513,10193,17322.0,5190,13848.0,7259,24610,21957,8071.0,32368,8427,13403,22253.0,25944.0,9321.0,27409,14864,20740,19626.0,27487
106)9H-CAR,156386,174404,102132,142574.0,163895.0,134743.0,145455,147338.0,181428.0,104191.0,124053,139901.0,107396,199398,75781.0,92395.0,80131.0,49117.0,87557.0,75579.0,75676.0,57487,43883.0,40021.0,40869.0,47957,60573.0,134500.0,87241,108332,322545.0,108301,96647,236765.0,154938,166392,108825.0,61778,72340.0,83226,108462,131054,91903.0,128728,79494,94001,74029.0,82183.0,37242.0,98901,64877,17580,94969.0,123403
107)SOR-OL,74134,44457,29498,113522.0,87053.0,97336.0,127442,42573.0,72242.0,90983.0,77969,66359.0,86402,94330,54953.0,70894.5,48827.0,44397.0,55387.0,52043.0,65750.0,35388,49233.0,45003.0,50702.0,39038,50156.0,46526.0,67226,57928,82161.0,45548,96863,97612.0,72659,55006,65773.0,31309,42734.0,37330,53640,67967,74787.0,66848,79099,58222,83554.0,31363.0,52206.0,72350,59977,34946,74175.0,103762
108)DHPGly,8581,14169,12629,15524.0,12034.0,5719.0,9807,7407.0,11204.0,9941.0,6038,10118.0,12384,10931,9329.0,11712.0,8673.0,13177.0,15882.0,12812.0,9052.0,15535,10732.0,13421.0,16889.0,16408,31743.0,14209.0,16718,12328,13638.0,17578,10089,8243.5,4258,15363,2849.0,6970,4973.0,10122,4790,10362,12724.0,4526,3907,11013,8187.0,13106.0,21739.0,12751,21446,13978,2457.0,10000
109)FA17:0,23784,21608,27151,43787.0,25468.0,38565.0,41470,24561.5,30704.0,48734.0,23655,23324.0,45406,33287,24834.0,30529.0,19176.0,17318.0,22726.0,29184.0,41873.0,24531,21687.0,29806.0,25238.0,31769,45223.0,25343.0,27620,42221,42617.0,19548,38559,153085.0,143104,107440,126891.0,32750,36710.0,27513,37910,38618,31801.0,38247,25017,23339,24713.0,24294.0,32052.0,32030,23926,36386,22971.0,42864
110)ATROP,14663,12773,19355,9385.0,13016.0,20636.0,8077,11929.0,9355.0,23056.0,17995,22004.0,12819,13906,17396.0,14824.0,14399.0,11816.0,16829.0,14892.0,12289.0,16781,12159.0,10762.0,13057.0,17122,33348.0,18689.0,14640,22620,20357.0,18699,28099,20132.0,18947,18784,14482.0,18830,20905.0,19921,13685,25369,21717.0,18813,27204,24243,20532.0,25227.0,19636.0,33560,18796,21207,14824.0,28094
111)LACT,61003,28983,30978,68496.0,44501.0,52646.0,64262,34479.0,50860.0,51634.0,43623,41693.0,38136,40883,10495.0,29358.0,27275.0,25197.0,34224.0,27061.0,10488.0,32655,18531.0,6330.0,27667.0,8125,7712.0,27386.0,10125,39950,41404.0,31049,33220,20471.0,47629,9612,54822.0,47630,10963.0,39662,8498,52236,44698.0,9834,19183,23812,9171.0,8244.0,52995.0,11386,65063,4543,8297.0,12059
112)MALT,10968,17913,21094,10386.0,9955.0,8674.0,27947,27195.0,46225.0,82538.0,77257,82727.0,108192,88217,90952.0,44910.0,52443.0,50045.0,49941.0,49989.0,164055.0,48737,47288.0,106638.0,47605.0,56196,124063.0,9512.0,8592,10027,22709.0,12630,14383,28871.0,21537,52253,13238.0,54400,43265.0,7519,9464,25840,33701.0,30706,37518,13742,31987.0,15888.0,46084.0,65609,15555,27746,39231.0,48647
113)CY,16448,28045,32052,32070.0,19040.0,30913.0,16321,28395.0,35365.0,20637.0,30354,39394.0,27767,27140,28384.0,24166.0,11261.0,16441.0,29659.0,21482.0,15269.0,26442,18162.0,24291.0,25318.0,19268,55089.0,30537.0,31059,32241,30241.0,34053,32452,40945.0,25483,18228,38029.0,43798,29765.0,45129,39063,42694,28098.0,59510,44936,42940,50226.0,55458.0,33864.0,47385,50568,46453,37053.0,32942
114)PYR,123575,142656,110177,64895.0,63723.6,76713.0,118702,63842.0,85540.0,106508.0,109802,106827.0,61512,84539,81299.0,121972.0,152474.0,142551.0,201644.0,197196.0,177227.0,330907,195197.0,213347.0,91669.0,235233,145907.0,135030.0,135657,143618,84087.3,75219,77667,94688.0,107707,124145,84956.0,75905,87510.0,144702,171044,165840,161339.0,227096,160237,202911,337541.0,297248.6,219837.0,195665,207550,245882,253436.0,174657
115)LACA,5617,6200,6400,6995.0,7038.9,6040.0,6238,6299.0,19899.0,5723.0,6563,18901.0,7060,7193,22858.0,13860.0,14164.0,22328.0,45258.0,13364.0,16648.0,43717,20385.0,20470.0,13884.0,40284,9669.0,6406.0,6324,5709,8236.5,8653,7820,6657.0,6809,23157,5982.0,4117,5128.0,10525,17572,24041,20749.0,18361,27462,16377,65147.0,40354.38,28834.0,20937,20469,15861,65168.0,16261
116)ALA,362804,346109,281133,151103.0,182531.835,190078.0,300666,175823.0,217544.0,258475.0,255686,243313.0,171540,245430,212255.0,321756.0,426717.0,357095.0,491592.0,428317.0,488555.0,682516,540835.0,593871.0,226767.0,653242,331677.0,344650.0,345878,337704,149769.45,153035,179786,235447.0,268013,319175,237732.0,205023,244021.0,396330,487553,440864,357335.0,535154,404449,568877,902875.0,765311.04,554910.0,468241,545044,629706,695662.0,477540
117)GLY,252244,234559,182766,82099.0,95075.525,118060.0,201918,103796.0,135137.0,169220.0,171432,157936.0,106266,155545,135045.0,260883.0,340729.0,289324.0,427779.0,346653.0,376337.0,500576,404880.0,400583.0,143479.0,518713,235117.0,229135.0,240304,222658,92488.73,76486,106660,144904.0,176193,218194,151066.0,136700,164152.0,321711,417018,347752,257627.0,406552,299415,445069,710755.0,537458.16,410284.0,360377,442981,470467,564856.0,362018
118)VAL,207291,210857,168531,85338.0,110129.22,118605.0,173664,99098.0,124621.0,146053.0,145543,140628.0,102250,141292,125197.0,189138.0,253055.0,214383.0,342234.0,273245.0,312095.0,549497,340488.0,309203.0,146091.0,400432,205836.0,205748.0,201646,205731,108266.025,96570,109651,137008.0,157635,184350,142060.0,123544,143040.0,232280,286827,264603,269888.0,287101,249317,347278,602304.0,479538.91,373373.0,289250,350909,391540,452276.0,319635
119)LEU,298167,294771,237533,123703.0,159816.89,169539.0,244530,140497.0,177165.0,208227.0,206492,199003.0,148791,202072,178713.0,298475.0,386246.0,335769.0,490953.0,415042.0,438832.0,726801,482856.0,527727.0,216128.0,565926,306976.0,286099.0,280618,284767,164490.7,139683,159391,194433.0,223544,259481,205629.0,178226,206600.0,358641,431248,405219,400690.0,430346,388078,519893,822776.0,718327.915,443301.0,428647,431127,561591,627749.0,459052
120)ILE,558263,559182,476994,255027.0,284332.61,349936.0,485909,289866.0,354940.0,401160.0,399621,385623.0,291935,383437,346240.0,499706.0,628346.0,555549.0,802757.0,654725.0,682019.0,1127600,785447.0,858888.0,425644.0,864726,574452.0,548202.0,540628,544662,288456.75,288524,352491,388492.0,450746,501313,406553.0,355472,363047.0,586586,662200,649718,689659.0,760030,639461,829180,1167312.0,908403.86,732424.0,792553,685940,788712,926085.0,739087
121)PRO,97312,93115,80046,34405.0,38083.965,47496.0,76467,41445.0,51688.0,57051.0,60935,52837.0,41773,53582,45909.0,112365.0,145351.0,125544.0,171432.0,142189.0,126320.0,203042,160028.0,154322.0,64578.0,210024,94184.0,96194.0,97475,95275,44591.55,36130,48005,59265.0,69888,80498,55458.0,52336,64269.0,143735,176244,160486,132294.0,184207,133411,173776,292238.0,226016.79,151686.0,153926,158516,201456,241543.0,152370
122)SUC,104684,112634,84173,41721.0,46929.5,58129.0,95884,46929.0,65034.0,82902.0,80260,73649.0,47830,69847,62725.0,108953.0,147644.0,127355.0,198294.0,166270.0,151064.0,271990,190161.0,190738.0,75300.0,235963,113841.0,108135.0,104631,103099,52268.525,51313,58726,72599.0,79802,96535,64893.0,55318,63952.0,137704,157810,157616,137679.0,180003,142420,196041,336579.0,255657.6,175814.0,159651,158195,217200,245968.0,178163
123)FUM,92426,104147,72351,24219.0,29266.77,33735.0,85840,40041.0,55581.0,76837.0,73140,71962.0,38833,65002,57000.0,101398.0,139082.0,115546.0,189679.0,162687.0,146750.0,254369,167715.0,184800.0,60771.0,185263,100770.0,100247.0,94350,95156,31778.775,25118,35413,63754.0,71904,82584,55659.0,46684,56789.0,128229,158786,150157,138752.0,179491,130063,200742,340170.0,292092.48,160172.0,146770,147820,216522,234068.0,156862
124)GRO,12154,12279,10984,6472.0,7818.57,7874.0,10416,6223.0,7897.0,9112.0,9129,9101.0,6215,7814,7665.0,12004.0,14727.0,13390.0,23388.0,18995.0,21479.0,34105,25059.0,25289.0,12319.0,28211,16298.0,12313.0,12009,11996,10936.75,7286,15264,8807.0,9746,10979,8507.0,7618,8125.0,13671,16431,15854,19626.0,22037,19044,31511,57539.0,40517.75,23466.0,20872,20747,25767,30228.0,23616
125)MET,36136,36266,30645,12452.0,16707.35,17925.0,31414,16529.0,21321.0,26515.0,26461,25330.0,17153,24954,21730.0,44022.0,58921.0,50910.0,81250.0,65256.0,69176.0,169595,62958.0,80228.0,27529.0,97950,51418.0,35745.0,35536,36402,16643.285,14714,18243,23953.0,27688,32731,25067.0,110770,25812.0,54426,67694,61986,55648.0,90532,58841,79428,139642.0,120488.5,69210.0,66093,65330,92672,105883.0,70170
126)SER,163146,156305,140681,239861.0,290116.32,364548.0,83550,45079.0,56845.0,62769.0,60842,57402.0,37512,58325,48246.0,90476.0,120958.0,103411.0,171304.0,130383.0,145316.0,211842,125659.0,169906.0,50226.0,168761,104400.0,163627.0,167668,156177,277584.75,268440,348415,63059.0,73495,89177,54038.0,45965,57383.0,112443,138096,123745,88523.0,180019,110507,158196,278016.0,198476.46,130184.0,129094,136446,179020,190063.0,114441
127)THR,92421,92705,77809,29626.0,39114.45,47069.0,76562,40480.0,51740.0,59087.0,59908,57099.0,37187,54464,45904.0,78413.0,113929.0,97581.0,156730.0,123303.0,144469.0,127301,112630.0,141991.0,44343.0,159067,99491.0,91198.0,90175,87987,43185.46,35230,46252,58439.0,66494,80585,57960.0,49558,59757.0,109610,142962,128517,96808.0,190981,126163,148955,281012.0,232182.18,133192.0,134281,131056,187967,232527.0,117547
128)PHE,110017,106338,95425,42982.0,46648.42,59542.0,90042,50629.0,63771.0,75949.0,75000,71844.0,52009,71429,63519.0,110965.0,148095.0,128399.0,202583.0,162838.0,183837.0,237655,198062.0,186498.0,83785.0,205612,153555.0,105468.0,104284,105332,51185.34,48406,61670,70950.0,80951,91726,70948.0,61483,72978.0,135537,164851,153355,168798.0,230001,179412,186811,325916.0,266618.04,176033.0,168742,170500,226087,262402.0,184995
129)2KG,11229,8816,7342,6321.0,7932.6,11307.0,13352,9072.0,10191.0,18997.0,20168,21215.0,10396,22168,28469.0,14781.0,24888.0,18506.0,78289.0,40692.0,44437.0,52835,45501.0,65712.0,10587.0,43005,33858.0,8257.0,11247,11343,9134.975,8448,10387,9171.0,10436,13542,14638.0,9236,11097.0,7230,8318,8761,7699.0,10604,8240,30117,68062.0,44180.55,36039.0,22241,17588,53356,28354.0,24431
130)MAL,54866,57311,45550,18316.0,23585.65,24567.0,46903,24819.0,31773.0,41005.0,40195,38675.0,22252,34434,30637.0,54872.0,75062.0,63779.0,101614.0,85437.0,92899.0,132775,100761.0,109874.0,37704.0,109780,71917.0,56584.0,54451,54590,22308.62,22264,26233,35473.0,41369,47220,31836.0,27426,32930.0,68452,82322,76363,81864.0,120581,86781,103049,188426.0,139908.0,88623.0,84648,87063,120198,140485.0,94534
131)GLU,242466,229293,198425,80654.0,103055.62,119454.0,196692,109045.0,137996.0,171387.0,165903,156100.0,105997,161006,134546.0,248751.0,329426.0,282427.0,359158.0,345454.0,360847.0,396551,390161.0,424052.0,147673.0,484022,288357.0,235737.0,232859,224280,107538.6,91998,114807,153887.0,173144,204677,147063.0,128040,155576.0,310411,369581,333603,332603.0,444126,346077,403376,602791.0,467867.655,344444.0,334987,358730,454711,443433.0,360065
132)ASN,166568,163285,125391,28647.0,45875.5,67933.0,167465,77278.0,94599.0,129449.0,116198,114104.0,51252,109640,75919.0,114942.0,154404.0,138350.0,306477.0,245048.0,247501.0,219579,228231.0,243034.0,60400.0,362831,140104.0,177974.0,182492,161708,51558.66,36814,58665,111008.0,134774,172990,90941.0,71459,100817.0,193289,248326,223904,208524.0,347396,216782,311240,506288.0,408764.0,200529.0,201389,220414,291356,339786.0,205384
133)LYS,8359,6885,5962,1402.0,1895.66,2719.0,6721,3004.0,4121.0,5413.0,5810,5288.0,2440,3792,3223.0,10532.0,16194.0,13168.0,17108.0,14360.0,12950.0,7862,14677.0,13968.0,3006.0,22444,6671.0,7499.0,8290,14874,10147.98,6690,16229,15644.0,5300,14533,3772.0,3291,18946.0,13780,16638,14120,3937.0,16398,9820,14454,23751.0,19293.525,11685.0,13510,13817,16353,17728.0,11174
134)GLN,102419,33517,71137,16157.0,21611.72,25404.0,59338,38850.0,60536.0,94713.0,86600,74426.0,252819,270458,216245.0,197534.0,288849.0,267105.0,110268.0,161972.0,117244.0,240270,237744.0,242796.0,60485.0,253072,88508.0,72210.0,89479,42967,11278.08,4280,19216,41670.0,37771,24461,10953.0,17761,22835.0,27511,38009,43674,6161.0,14192,14530,5870,5927.0,5367.635,61610.0,95109,144886,42520,59818.0,79639
135)HIS,12030,7906,6100,1499.0,1642.075,1958.0,9738,4363.0,12746.0,10077.0,10772,8430.0,2352,5145,5474.0,25280.0,38464.0,30789.0,34553.0,31090.0,25445.0,19647,28919.0,30003.0,6409.0,48411,14938.0,9339.0,11506,7560,1931.6,1464,2048,6446.0,6160,5483,3715.0,3689,6520.0,33154,40759,32490,11887.0,27237,16163,24232,42769.0,35175.525,18904.0,21438,32093,32267,28072.0,17746
136)CIT,55364,65653,46868,14255.0,17039.205,19486.0,26800,15748.0,18992.5,22237.0,21755,21104.0,13340,21290,20139.0,31294.0,43682.0,39722.0,105426.0,74408.0,86169.0,111940,84908.0,101461.0,45326.0,109727,69838.0,59747.0,52607,66782,18650.625,15612,19913,21213.0,24504,29777,15503.0,13364,16532.0,33380,41543,38256,25187.0,49172,34971,49139,73454.0,56813.185,42209.0,41633,44082,58428,55333.0,38499
137)TYR,111655,122282,101635,40366.0,44157.15,57761.0,106732,59728.0,77965.0,96202.0,98191,91726.0,58376,80262,76260.0,172129.0,228061.0,200337.0,284563.0,241686.0,245601.0,304094,232654.0,250973.0,112316.0,302317,170861.0,121002.0,118553,126050,48717.405,40039,58380,86296.0,94998,107845,80374.0,75212,88292.0,206040,240881,220441,149147.0,302125,220922,245758,438545.0,366102.105,230114.0,227830,252434,294089,281955.0,213972
138)TRP,301,209,171,258.0,462.16,590.0,918,800.0,847.0,912.0,852,1032.0,302,1294,1360.0,1693.0,2258.0,2042.0,5537.0,2608.0,2993.0,8010,3183.0,4091.0,1783.0,4922,2508.0,247.0,234,341,613.97,862,391,693.0,803,775,883.0,971,1003.0,2397,4077,3768,2961.0,16114,18226,3541,6522.0,5534.65,6865.0,34998,7523,10290,75390.0,35936
