Sample,Se_Rt_cc_d1_1,Se_Rt_cc_d1_2,Se_Rt_cc_d1_3,Se_Rt_cc_d2_1,Se_Rt_cc_d2_2,Se_Rt_cc_d2_3,Se_Rt_cc_d3_1,Se_Rt_cc_d3_2,Se_Rt_cc_d3_3,Se_Rt_cc_d4_1,Se_Rt_cc_d4_2,Se_Rt_cc_d4_3,Se_Rt_cc_d5_1,Se_Rt_cc_d5_2,Se_Rt_cc_d5_3,Se_Rt_cc_d6_1,Se_Rt_cc_d6_2,Se_Rt_cc_d6_3,Se_Rt_cc_d7_1,Se_Rt_cc_d7_2,Se_Rt_cc_d7_3,Se_Rt_cc_d8_1,Se_Rt_cc_d8_2,Se_Rt_cc_d8_3,Se_Rt_cc_d9_1,Se_Rt_cc_d9_2,Se_Rt_cc_d9_3,Se_axen_d1_1,Se_axen_d1_2,Se_axen_d1_3,Se_axen_d2_1,Se_axen_d2_2,Se_axen_d2_3,Se_axen_d3_1,Se_axen_d3_2,Se_axen_d3_3,Se_axen_d4_1,Se_axen_d4_2,Se_axen_d4_3,Se_axen_d5_1,Se_axen_d5_2,Se_axen_d5_3,Se_axen_d6_1,Se_axen_d6_2,Se_axen_d6_3,Se_axen_d7_1,Se_axen_d7_2,Se_axen_d7_3,Se_axen_d8_1,Se_axen_d8_2,Se_axen_d8_3,Se_axen_d9_1,Se_axen_d9_2,Se_axen_d9_3
1)PDO,537254,641368,541050,596836,644170,664140,640123,593163,574069,524565,599400,584077,465106,576485,544541,611007,624104,552296,554640,558583,568974,630522,466756,556032,468477,548735,534400,532987,636685,663619,698186,616955,631930,620779,727317,605511,714144,700724,721740,561106,603878,630515,716946,646895,644933,601864,666479,608580,619573,663732,605216,608542,597838,634500
2)BDO,68406,76317,78862,79631,88282,100154,67106,57297,85422,54840,72747,81021,42055,87170,73620,103049,79900,72382,89396,60802,80554,45774,44703,72144,50284,69822,69888,78419,107266,123578,98278,108308,124052,89202,115877,128346,122993,119858,111619,87273,108334,119414,116796,119689,130010,103274,113340,110479,88208,111686,126193,98603,37934,108055
3)2-HPY,348831,595523,534314,521849,559894,579289,455390,478478,497038,418545,472484,477408,446620,492756,423204,360808,413950,414526,406750,390514,438403,432607,364609,389718,422442,368169,451424,546766,741237,695306,678719,656767,780153,625350,670753,650721,596706,478241,653776,655582,631482,583346,569026,700552,644055,547957,653735,629845,613826,721641,655682,553544,614104,712653
4)HCAFFA,32860,25425,17270,46762,22143,19529,38098,16453,16676,29215,16199,12831,32893,14000,8005,15628,10359,8061,15860,9872,9872,18663,8883,5645,14162,8523,6061,11068,6061,6036,11753,5366,7086,9478,6410,5014,8125,4545,3393,3880,5822,4290,6737,5679,3534,3881,4632,2603,5232,6254,3870,5756,2626,3646
5)m-HBA,93751,47656,29530,117845,44967,35103,89527,39920,35348,70655,39175,31527,62567,34845,32140,46707,33098,19949,46726,27148,20948,44850,25182,18209,38393,25877,19578,29430,14899,12112,20766,15805,14955,20852,16666,12464,16434,17569,13686,14896,14376,12237,16030,14742,9837,16039,14814,13126,20749,13353,10548,15165,12645,11266
6)p-HBA,22277,23522,18415,24197,15932,11343,20248,12859,11990,15490,15307,19414,14607,11909,8322,9479,4287,3329,10618,8891,8612,11943,7093,4793,10403,4759,4315,11941,1734,966,6113,2497,6604,8876,3678,4124,7752,9428,1627,3817,6815,2083,7854,4664,6622,7596,2983,3703,11640,7383,6890,3103,4619,7422
7)ART,7423,20292,11885,14714,18417,19764,10650,5879,5315,6517,4368,3840,5113,4654,0,0,0,0,0,0,167,0,0,0,0,0,102,7581,5448,10320,15274,9674,15370,15479,15977,12211,12046,4441,6304,5864,9625,12761,5271,14655,8920,4274,7227,5781,5925,16102,6587,7160,1936,14540
8)BZA,127518,127597,130866,169266,121830,171261,160297,134571,167060,220212,182953,150561,159526,167285,133461,105672,112642,97061,101000,107968,116983,87996,73363,96327,97411,104693,123160,129720,137000,170529,176460,144445,194292,307105,267460,276380,180066,174935,231646,139723,198123,240175,119777,221331,178852,113502,146753,134248,126256,190931,174184,144467,141501,177790
9)CAFFA,678542,105687,22527,697052,95213,35014,402653,60676,30043,240766,57641,19780,236570,45176,14732,93484,29355,11194,91532,25555,14451,86247,23262,10867,61996,19124,10352,15235,5130,3006,14259,6850,4814,17760,8116,4003,11030,4011,2565,8532,6252,3584,7410,7941,3748,6402,4046,2912,4920,4584,3053,6612,4964,2222
11)CGA,88183,11036,5499,91157,9978,4467,52669,8046,2698,28893,7525,7200,32718,6407,1596,14260,1944,1640,12007,3160,1684,9327,1867,563,4709,574,595,1789,3045,1781,4667,4812,1359,4297,4665,3116,4327,2427,1296,2301,5341,6791,2344,1942,3771,3119,2391,2853,2328,5859,8086,1164,1693,2133
13)CIT,555235,638913,237870,793139,530296,435443,381550,128138,108282,192516,129441,87922,329810,144398,82737,57131,68972,25007,99687,75084,165297,117400,48614,65008,48025,69711,202515,188684,150057,283141,195564,82534,267979,132691,99856,93178,51887,19521,27517,19942,22787,37962,8782,47143,25168,11959,19395,16017,6572,26499,18451,19574,11568,35541
14)FRU,12339,9893,3496,76528,75146,66170,225126,194726,226139,345971,263341,292438,467021,372313,788850,428866,431933,361990,400041,482810,651973,384618,425942,418690,263383,213910,461991,5005,4386,3462,56892,63643,88132,101400,114905,73219,124381,93724,80393,96144,105538,107053,125118,164866,141411,117020,141872,103945,133817,139419,173091,182034,101765,169963
15)GLC,16158,9927,7918,13370,29333,34975,34635,34437,51823,48739,53794,39466,37019,53090,43714,29169,20990,17352,20953,20622,40395,16699,23953,44991,20291,20710,38552,1227,663,324,21707,18897,27108,46965,52373,37690,56498,49068,42584,52806,76197,76726,75035,110756,87068,33852,83130,74428,90626,92751,71536,126392,87893,101760
16)RIB,26799,27696,16745,79338,64987,88716,132843,107403,47681,88179,168554,93339,167078,188204,134764,118658,122080,103665,132765,153086,197416,122043,118604,132930,98269,141925,193407,16459,15397,12095,70709,64915,105733,86152,70809,140853,75989,138700,164408,130497,111211,226362,74428,401538,189008,213533,256620,182482,216196,304384,263933,267988,241534,409982
17)THR-OL,21497,13399,15611,147143,146957,152850,374368,233477,301324,349915,304373,310956,378760,293205,250331,194669,233205,181126,254936,208785,280569,124746,122887,170292,102522,165329,255421,25952,32591,36136,169166,127848,234483,413661,446265,462176,388094,351934,453873,277563,392593,447370,306186,593857,385051,280835,348348,323590,285277,503070,417251,346167,323474,569094
18)XYL-OL,18745,15764,11780,19687,33276,16099,23613,15953,15386,27145,32022,25274,56203,53316,29882,26279,51752,41494,46265,54265,64401,22700,37870,49112,38730,54501,51091,7115,10417,5431,19314,12055,8611,11704,5726,8957,19418,13836,15080,24692,25717,21974,63231,52349,38021,53358,67945,66630,64850,60267,81912,76290,55814,79998
19)ERY-OL,12684,9964,8202,13409,14463,15950,33673,35166,38281,63091,70375,57647,122608,127080,89094,88040,123809,68365,90802,110742,199893,79011,77075,136846,64055,136476,231937,7028,6503,9377,15483,8975,10160,33185,18802,17376,33619,21231,26142,31435,29945,35737,33760,56497,31734,39376,36632,31657,46277,54755,47121,51078,38710,76188
20)EtN,18096,14871,20853,35082,20332,89881,14367,11203,68737,12843,22184,10589,13641,11667,10894,7500,4717,5203.5,4430,8885,12323,2500,3101,4356,3574,4877,6302,19756,9147,84923,76199,34499,132169,104326,105390,128679,49213,17538,24436,53659,64115,103989,37997,82177,86434,37769,55834,78127,8289,63842,114816,19528,7805,142825
21)FUM,46689,29741,21838,59638,26743,19965,51450,15553,14429,31493,16033,11188,28028,18190,9185,17861,9243,4851,20138,11517,10899,16191,5478,4388,12944,9237,6692,7532,5509,5554,8808,5208,5856,10038,6370,4108,8024,4092,4039,3146,5352,6387,3787,6150,4321,5157,8324,4376,4734,6947,4776,6086,2127,7024
23)MAG,148266,159210,86111,169103.5,190678.5,110761,189941,222147,162527,297399,192912,254462,92484,166133,174208,205439,102311,104431,154044,70880,113840,111153,56748,67614,72729,108037,104840,129912,119029,80740,97057,116937,133972,174078,104550,172960,215447,156430,143556,148844,79206,97095,153663,134986,79930,128853,182939,110341,210295,192100,150562,139274,151353,232958
24)GLY,0,8377,7903,14329,6074,9946,12861,4665,9717,4938,10143,4393,4902,8395,0,0,0,0,4689,7172,22387,659,3097,0,0,0,0,1189,1183,10282,11094,6064,12570,18719,16853,13614,13385,7463,9174,10323,12376,16340,8826.5,20113,14515,7330,12827,10540,0,21703,19132,18985,0,29649
25)GlyA,228246,241123,230496,247553,245804,252397,271229,249524,240467,249771,253154,252722,216641,246865,237878,240925,252993,234957,248010,249522,233190,239824,198271,225446,217609,232489,209802,215932,258109,262006,264325,257400,269449,250671,270921,233051,255946,284357,280414,247376,258341,252974,268733,262817,261128,268660,280086,249495,248783,274673,264022,263679,237237,271657
26)HQN,155700,65076,45530,175462,63498,44682,138213,53341,33334,107481,42715,31690,89216,39983,30735,69021,34837,28904,58409,33658,27609,54587,30486,24853,46337,26433,15744,14620,11111,11115,19658,12049,10155,16684,15290,10521,16062,13695,8679,17220,11773,8944,11273,10529,7025,11528,10806,8257,15586,10855,5960,10226,8302,6991
28)LACA,321406,338204,332992,1025988,883290,483966,1208266,394971,402501,863268,630101,476236,1238194,751956,519999,504126,443249,369447,421208,564984,686855,338290,454017,378494,347326,409375,792867,291906,353282,324273,813173,432690,466999,1139376,525243,476812,944304,635818,489828,413266,521254,554593,631735,430746,606653,306215,748023,437411,599240,509219,473392,804948,749886,528450
29)MAL,21552,20799,10332,75857,40289,35344,64262,48676,45194,48981,39604,36979,49589,35433,29472,18794,26085,13459,19279,18152,17736,15716,9773,8431,11041,11683,13008,3947,5668,4166,18368,15947,26977,34760,34993,36084,29793,26757,26943,24339,22480,37217,24954,50557,27336,26054,23716,19372,22037,32882,29402,23755,21512,31231
31)MALT,0,179,776,5808,45250,9896,163778,114658,186681,165365,147646,243099,81178,83555,163590,24734,40192,39495,19621,22442,37899,14508,16493,36493,12774,30303,16583,402,1345,204,30789,56720,33238,128949,206574,200514,198169,227041,274229,177018,270321,326528,256198,579847,308892,294645,365302,265494,366701,623370,502111,423303,405791,641429
32)INO,207798,197898,108327,184011,161125,182928,169809,131068,150699,183762,190066,143365,97654,114812,92225,66162,84666,53678,58641,67115,110448,46539,39903,57097,42752,51788,87381,176166,110104,141207,157649,92630,197664,206132,176357,166146,97345,106748,92793,58429,78769,93043,54505,95132,58571,38728,58664,48772,37242,82386,57899,41314,49418,75652
33)FA9:0,102376,145931,191758,170091,210038,529695,322628,256346,256689,230445,287403,395914,112246,261066,75737,31162,66018,26234,72900,165782,59826,33948,52752,30304,25272,63010,94015,86234,264971,106362,222395,307485,124797,355560,238926,472970,250593,384457,242732,154828,205072,429773,103502,218074,94669,97200,421570,170460,70641,255998,197583,72176,107842,126293
34)OXAL,53306,71282,35330,126833,78630,63566,120166,48332,45782,93152,40033,29365,70505,45704,21066,37350,30356,18598,39073,22949,26993,27816,9532,12318,20231,16868,17838,34777,20439,18960,40848,16002,29517,44934,27312,17415,28120,10503,14601,12082,14390,19323,17830,27602,14490,15005,13168,10991,16670,23866,18716,23700,15578,22678
35)FA16:0,133419,99221,117549,159352,120220,172816,130545,100495,118229,126652,119110,116997,89561,107193,70881,63538,47920,39944,67233,65347,91686,89085,42981,72451,66511,77997,179433,96315,84667,114588,95567,83635,111021,139172,151012,145446,125665,70638,124312,92723,101262,136771,77060,134576,98602,128725,61174,56013,99935,180548,112208,95260,104139,167158
36)PS,183616,185109,165614,218090,216760,236016,194121,202643,245957,200900,217871,219338,169666,184401,169524,143157,200629,139436,130454,137398,155167,135883,112526,124660,98672,133274,137079,169818,204802,219948,210172,185279,252897,260708,256883,247429,229228,229203,260556,204252,233288,221667,223683,313313,256442,202278,224457,199912,224877,248508,230286,222749,203771,251115
37)H3PO4,4367423,3390725,2489904,6936053,2157990,2506273,3857977,466204,747907,1144999,636036,474232,671928,461367,26470,52399,49094,13631,223834,195714,598601,84955,38782,11303,962,108750,239136,4894247,1908293,2000375,2870065,1664343,1825885,2770155,1811462,1337159,1493913,1061130,1299925,881965,1605189,1396988,786971,1649458,1292554,922302,949133,1075161,1187428,1412582,1587384,1394238,803145,1813177
38)PYR,16154,13938,12043,20605,14889,18270,18583,14083,14323,101839,113519,101467,101143,147835,111325,43388,55270,49994,83989,104198,83519,16392,17007,19215,12986,17647,20617,12637,18173,17780,17162,15251,19129,23489,24171,22442,116915,114884,113985,110297,137518,119564,54816,56907,50377,122497,118073,101177,22394,30015,30046,24409,20733,35050
39)QIC,138473,65855,21559,219727,64246,32262,130654,46576,26704,102537,43459,26164,113256,36826,19567,55194,26824,12630,45845,20990,16807,52431,22092,12151,41374,23176,17692,14565,9512,9620,12357,8299,9074,16755,13720,12827,14478,11240,10202,13883,9853,11467,10728,15027,7545,12570,10722,6925,15688,15001,9957,10731,9521,13670
40)FA18:1,117398,116189,57992,131717,70605,91417,117883,63109,54664,108412,83957,69085,89787,77099,49792,54468,40733,26303,51556,50137,84500,85319,38302,44437,48603,52412,122275,60975,58477,58376,73390,55289,90045,115659,127934,72732,60945,65866,72092,53572,62386,92213,46250,96564,48076,99779,62153,48652,46297,141805,109120,64214,58127,114701
41)SUC,10002,5085,4470,12767,7326,5129,8828,3330,3706,9140,3247,2427,9230,3870,6550,7101,4613.5,4703,4972,5357,2856,4648,2088,2413,2905,3189,1970,1162,1567,1972,5232,1997,2066,5719,3249,1205,3410,2019,1612,2371,3218,2869,1344,2895,4125,1430,3003,2058,2686,3717,2105,4346,2303.5,2502
42)SUCR,4322254,3885728,1923730,122173947,120346733,126577136,167687351,163796043,193541778,155744883,153333682,181407689,28328150,29136422,72171013,6990792,11235110,7726453,6519130,8524530,18338463,4225900,6171386,11546878,2437397,9503195,7409108,2371906,2803151,5289566,108953597,79641028,114926451,202621460,196384448,180772384,216402623,186768919,200938562,202490722,217806224,219136280,209296716,248798568,207329930,207734404,220460447,186965633,226721805,246981451,222409804,231482702,210726201,254294421
43)THY,102455,63103,48497,114993,24263,120751,89493,18699,63817,85377,52552,94346,74084,24174,48156,26518,42255,43301,65212,58547,42043,68096,38039,33908,19074,11630,10716,50176,102211,88992,40489,76979,94959,65350,127660,136352,67137,36118,147178,35250,61173,78299,63431,84313,72220,57156,131386,107303,59968.5,106957,60362,62781,60129,40103
44)unk-01,190611,208504,235057,306107,247740,235562,214281,201959,258894,415729,480904,490183,387768,451440,377514,42650,32485,12831,31147,7044,4262.5,22425,4684,11694,21344,26658,6880.166667,177607,189532,240171,201783,156388,269777,379584,430316,364096,513609,383317,477758,327356,424975,441738,52443,142995,124363,346253,488665,343579,151794,395010,275160,150504,213326,309940
45)unk-02,757753,669374,511060,721482,988332,814723,1101036,744002,762698,1128877,742717,1071348,641648,764283,839208,1134950,832075,912084,804065,818726,570876,726097,445177,595590,769185,647660,569933,508197,824354,630868,790423,588775,958181,604982,653937,593123,690304,788143,677938,574901,605781,616055,620908,715540,613275,639337,991544,600969,697486,771068,736642,760849,723600,627420
46)unk-03,1253207,1904587,1386435,1807425,2106194,2383969,1626163,1629289,2143680,1620890,1702475,1851832,1430741,1828715,1314270,1233522,1485491,1068721,1266014,1214393,1352669,1082340,1013217,757903,892281,973900,1013871,1188464,1533042,1949912,1600897,1631831,2211037,1899643,2055475,2280591,2071266,1904163,2262149,1343787,1873301,2203786,1668977,2303290,2049406,1570188,2055245,1700105,1265755,1987863,2026549,1599487,1807316,2139170
47)unk-04,18438,25174,20157,20487,17092,22548,21759,21154,35731,22378,18235,20074,15197,20094,18880,21259,20521,13679,25009,22831,20040,20421,14546,15009,16128,20146,14667,37484,23678,25296,28786,62739,58720,25441,20355,35552,22124,28707,21320,20187,23859,25798,23129,20117,33108,20538,25201,22650,21342,27838,21265,14853,23880,28478
48)OXAL,156602,56072,71163,97109,84889,146806,108689,36174,64338,109440,53897,132723,89424,117591,138209,79746,57298,67934,47563,42069,82376,26396,4155,11227,10512,17100,26236,220833,193575,363077,467250,230826,484367,448885,398161,365017,424697,317664,400715,369923,205650,410345,315149,503304,416245,237031,305705,339906,179125,424443,453085,300360,272101,473669
49)Me-GLY,66547,104856,87157,100187,74124,124422,99981,119409,69374,91387,101873,81018,73572,123586,173972,113554,88529,140427,62676,81439,224235,50897,81846,69373,48332,36239,125142,85998,52407,53190,176666,100592,60758,94195,63947,49040,85244,62785,47026,53203,94331,107615,66296,141181,54631,57805,32666,44963,100460,58704,112049,61086,37453,62338
50)MAL,37559,161292,50844,56934,172343,106404,63701,55611,77084,67546,62273,260913,60061,63986,127291,127121,218198,120731,110304,55263,56892,56387,95429,72403,98843,114739,74410,123834,78644,139499,77479,178624,286723,102777,93968,55203,321863,101244,298837,222097,394868,298336,240280,248834,72893,413854,254615,85413,218413,341171,259812,197062,214380,84541
51)unk-08,950945,936436,889164,863090,943870,1053604,1008052,930844,916177,999332,938750,986699,762701,997395,913467,988034,958199,867443,958887,908877,808986,882288,722748,781948,768781,903490,785824,805425,1006998,1063064,1028663,1053752,1125138,1046599,994761,917065,1130013,1199449,1142147,901987,995835,1007322,1079388,1051154,1039365,1120443,1107254,1012887,1017747,1082012,1039452,1034660,962381,1124202
52)BYD,912,6643,5174,115370,46230,131630,51397,3300,2375,2698.666667,2421,1869.5,3962,1551,1364,0,1127,0,0,3885,3979,0,0,0,0,0,0,7941.5,1752,14131,134215,62802,231776,249272,153609,143854,150628,47633,123686,45680,109739,166388,65440,166614,161828,87400,110118,165252,53930,162339,231198,98092,36470,247648
53)unk-10,30149,25936,34261,49686,42710,126194,52474,41300,54250,27753,56596,2307,47167,5917,2199.5,1674,39484.5,2092,1268.5,73052,74358,863,2737,1761,1071,228,724,472,6159,86887,84421,40310,128651,114459,62929,82019,75470,29070,38845,67755,69634,115680,51116,73183,75544,34477,63730,87145,3126,75457,108494,46882,0,159390
54)H3PO4,35968,5594,19673,61229,9842,268212,8171,5588,25901,4087,11090,45068,45538,2431,37666,2033,9250,689,11874,24343,118198,8580,10572,30402,315,28123,1707,39175,15273,132221,121911,63368,218370,270503,197996,162430,95346,52082,73294,6615,73146,148678,51459,139229,143398,13653,78094,138018,1287,91795,190671,71949,40953,247594
55)unk-12,207650,119055,213634,132156,291903,525796,373296,723066,584663,252937,542043,870384,373086,702717,103316,128426,128898,65524,131277,562504,409798,107523,273284,44170,183554,109297,197532,34886,622088,494001,497602,939355,245034,680356,388905,598693,536834,153617,775535,447523,372779,816651,88211,137533,395060,475275,461461,449014,492356,441110,693216,754521,394450,23024
56)unk-13,20016,23148,26784,21468,24359,28937,25636,24717.5,31897,23279,25076,20680,23079,31805,19518,22879,27281,16212,24701,22459,21470,19872,18682,21272,13010,13603,15603,17027,27693,28076,20984,29163,31719,24152,27653,33412,23623,37975,31859,28861,24963,24583,31123,35128,33436,24134,29646,34308,27282,31132,27435,32823,31912,30298
57)unk-14,35997,186666,54161,72178,17568,349555,39937,106798,5525,86571,118976,200873,104035,161569,183399,34796,134786,52052,27920,124187,15304,31641,25387,147508,23740,68800,125006,135530,159408,259624,227996,91134,267966,58836,200362,288748,154858,46259,244737,73059,94136,232025,11029,414726,258186,174635,252630,319755,71498,219828,371289,146035,24772,333548
58)unk-15,53229,42843,23184,70242,45913,36601,59059,40253,34027,51882,42915,29579,45451,27291,25131,37489,29064,15074,35256,18409,20071,33850,24899,13854,26312,20102,21348,20641,16482,20656,22007,19844,16838,28301,27486,20094,15509,28212,22368,16862,21968,13518,8365,15724,16999,16927,14849,11741,22009,14374,8797,21649,19979,9074
59)unk-16,38755,51863,45385,44504,44867,62801,60022,50693,51935,48879,53669,56635,59938,59871,52975,44333,84922,48068,46562,50362,78838,48992,37519,70974,43227,56929,58152,54922,47936,68018,50779,55204,72169,58515,66880,57490,51170,70288,59959,50411,60885,65715,64738,48861,55793,53033,71998,59720,51974,63406,53376,57729,55727,54942
60)MAL,50579,65529,29339,370927,358319,374599,547657,473124,623672,492362,616300,456366,437195,607922,315572,279819,327305,153616,157892,225649,221417,89710,93036,147786,56814,103783,136551,36695,40550,57944,278218,247187,594936,698046,660395,745374,456248,583545,800311,397314,660854,748202,437761,1046704,541095,562285,531788,338653,387735,916579,611133,488045,495979,664980
61)p-CUM,105445,148016,152515,188654,148655,155514,119682,159411,185298,97167,141414,94367,59571,128441,145951,95473,88301,51450,67101,63282,70520,106486,101173,90486,56250,96527,105151,158274,214707,214623,182883,149451,291609,266811,383284,341718,207738,250614,324875,84047,84736,77574,39606,118574,126858,40230,87963,56224,157748,177445,142049,199903,83735,105810
62)THR-OL,26106,30196,32075,88870,66543,69512,93300,61765,103283,79725,101610,71877,69782,67638,61083,60268,69439,27569,64505,64533,46446,45559,46094,32503,49811,45091,38109,24225,33793,26853,62196,62434,66877,86787,99449,73419,93982,70424,81021,55688,66514,89924,57473,88856,86392,54922,76301,53812,65998,83913,82423,58469,68535,103834
63)unk-20,117822,122560,116591,95323,120052,137144,113234,98110,122246,106790,119295,113167,89747,116602,84957,94808,90181,96610,83600,96941,138968,65954,71727,74047,75509,63995,79166,85920,91061,137718,108440,148362,158850,149457,147493,154608,126074,186102,221753,100034,105543,142195,109352,176056,137430,98205,141683,126093,96633,141305,206518,114716,109630,175886
64)unk-21,40116,85028,70160,168474,82036,58593,135651,23530,16487,78350,23855,13891,39215,22241,19770,11839,17299,17788,26340,18546.5,15806,22971,19794,24151.5,20605,18847,32497,125197,27542,21831,47153,52975,19045,72697,23259,889,1729.666667,4300,10628,18456,19974,13553,21032,24530,13724,19465,7530.666667,3127,25441,18064,16231,20829,2092,19510
65)unk-22,5298,4729,5469,9058,8093,13698,3712,7549,8562,4904,6677,4517,2293,8493,5491,1132,4064,6445,1362.5,5162,7399,1593,5051,4160,1128,12363,21063,9223,5943,3819,5132,25157,5805,13433,1175,2822,4296,20777,10682,10512,634,7686,6540,11476,12151,411,2305,16008,1725,13292,8364,13531,9149,9130
66)unk-23,79759,82640,84691,169904,52949,52260,56545,57803,84970,162466,169166,103629,72586,134307,119511,54060,66683,55489,68087,68081,92032,81764,66213,141874,59588,141902,181399,65505,77680,98303,82000,62920,97870,334838,350114,282365,163552,196284,265173,94799,127188,193562,72017,151138,105236,83809,165923,92689,137422,234731,153159,172258,141024,202879
67)Ac-OL,63082,151145,110228,96697,346377,393680,129753,62076,458453,127667,175862,336106,122689,246167,115865,115743,145232,95654,137646,76597,250194,80779,66871,104410,85846,112043,62035,140072,85585,109771,211425,269093,330615,177648,289804,125416,232691,279565,253098,258321,280011,340200,168747,487936,180761,224274,309700.5,146678,275757,331465,358532,198764,175597,505759
68)Ac-OL,43460,30172,20094,86373,72923,82660,64881,37547,38527,40501,33310,27828,27367,21273,16712,20460,19374,11778,22522,17263,18155,20052,15801,14629,16816,15010,21174,17275,14625,13385,55607,40140,85252,101374,68937,73862,101917,67749,89477,85981,74743,109027,96432,125535,95535,76521,86235,83121,87914,166915,118221,163396,107749,218654
69)unk-26,56650,21808,12420,156615,75330,123642,130447,123914,93558,162569,84878,125451,121885,68392,59950,124268,41361,92306,74439,87062,242581,15315,57911,9837,21156,8643,45829,85020,65484,17560,97765,38047,110742,397812,264930,425295,168823,72428,86287,111745,270373,117032,85459,154158,121067,74722,296083,121507,59161,174148,104856,217616,98682,92865
70)FAL,395103,307051,215778,525291,348766,311610,431328,284542,305150,387153,282030,248883,334211,253667,225672,223620,203845,155678,254567,197616,236612,231387,175323,188803,201440,194815,175488,275373,214058,161141,355403,186140,209020,298243,299932,265728,341386,299171,282133,279404,293874,281606,327250,450263,271849,301834,307478,252047,388466,386901,307317,373015,277864,443434
71)unk-28,62736,52191,26957,70569,51516,39990,80961,35680,28624,58152,41136,29172,45365,35411,17506,26178,28101,17820,33236,16630,17500,28818,11376,12986,17609,19450,18055,24049,20930,18397,23527,21683,23550,27585,23006,18899,22692,24229,19408,15592,26794,19343,18872,24441,21641,23254,21430,13057,21713,25204,19858,23071,17700,21295
72)unk-29,278819,389363,46806,446985,117668,438374,423158,317315,209192,266814,475996,310810,234566,334379,144406,177523,257113,163051,133130,151087,190167,50716,27166,35490,28392,22405,155470,290591,65730,334350,488673,19294,131861,406537,77312,127128,263920,52112,256777,75635,46866,130136,192518,126899,64133,397899,334858,183320,208829,95737,302507,291615,307758,502588
73)GlcN-1P,56502,62089,47878,102213,90856,82846,65068,59796,42226,63502,77427,62355,123937,80984,152313,63813,84534,53331,69129,126745,71897,71127,59118,64325,45113,46199,147669,55301,38342,54359,56634,38900,76877,99992,59171,77276,110957,79431,90279,54865,87467,102502,92731,145252,82468,61665,89272,63780,71770,119046,92578,85206,88077,139469
74)MeGAL,10426,33724,4026,45015,17475,35499,91463,104337,79083,166293,149921,97439,326580,146517,149727,85805,108170,83099,78128,64386,103555,43697,44285,66918,16742,36458,66971,6519,4224,27670,11633,14478,10926,44742,39542,32778,47508,23675,61550,25866,25830,37287,15599,26883,23896,34190,14339,8383,23948,34061,12624,24402,49345,36754
75)unk-32,271162,171796,105412,294969,256826,197585,288859,151331,176799,324014,206769,189860,248971,190499,187973,157520,204677,168600,146881,166653.5,197668,125928,128630,147194,100916,118399,138967,75363,153940,94838,178582,194928,223952,190596,215011,145724,272301,144969,204079,215001,137928,139429,149171,256450,157847,96945,191632,175246.5,149607,206607,192646,257919,163916,361262
76)GLC-LCN,87368,88998,59956,89205,101708,84215,91042,99266,87095,111592,101984,83966,85656,59709,59626,49772,47547,39482,44903,36960,76412,32200,43552,48593,41694,33581,59897,46085.5,39031,46404,70477,56428,74395,100194,92850,85674,97644,87778,84133,56508,60841,101078,58686,113231,45751,89045,62898,46702,79137,116068,98134,102203,61260,130921
77)GAL,1855,353,0,6871,15003,3820,19935,22049,34935,65488,52362,64996,52459,56494,69610,30717,42979,24534,35617,36823,70676,29038,30506,46605,21989,25963,47888,0,0,0,19999,279,2679,11350,11004,9416,12237,2496,4009,9930,2331,3854,23534,11505,10082,11667,18800,3842,2500,4579,3212,26831,3680,10095
78)unk-35,53032,46285,51019,103818,106404,111863,70624,84407,94177,133065,83316,130254,78022,88319,66883,50617,64823,41601,55876,57776,94667,49783,51911,45699,67912,58269,79748,45340,55459,93255,97181,69411,85818,115049,122360,94972,116356,72830,80291,70530,81935,131303,62531,160785,94210,67366,64636,64450,71403,105102,141613,69123,85031,150161
79)unk-36,16383,40650,35727,47895,31001,66807,65225,67254,73018,43618,57879,49655,51184,62813,31874,27505,50046,16771,22226.5,34267,39539,16948,15785,40397,9672,39216,70105,46859,45922,73207,37542,35693,51404,30120,49434,41685,38732,38245,66364,15358,43494,63706,21552,63778,37770,22001,30112,31241,20739,43748,40498,10326,38600,48023
80)unk-37,21260,10415,55513,13832,11698,20237,10965,9901,15639,10738,10101,16067,8014,11336,8216,8247,8555,6180,7941,5706,9393,5868,6304,5019,5823,15661,7415,19417,24568,11622,11911,14252,12754,9936,10512,26740,16193,10599,11289,5518,12752,20630,6370,10886,8363,8230,7039,4108,3743,8287,4426,4315,5627,12313
81)GALOA,33995,34495,24688,40403,32427,33050,33750,23698,37310,25290,35556,33713,27728,23972,20348,16347,23203,11706,15949,16239,22706,10424,20867,21452,15607.5,25495,20791,27926,23505,37605,32586,15694,37122,40263,36536,50830,35658,20044,21030,23646,22715,34798,20831,43259,24677,18547,20464,16960,9742,33347,19466,11676,22131,43763
83)unk-40,22016,21425,12425,16120,18727,15350,16099,12398,11559,25059,23732,18627,12756,9162,8375,4841,7072,4517,6372,9519,14883,5532,6517,10696,7209,12451,22419,17566,10726,14478,5055,10784,12449,14274,13745,11287,10042,9529,9775,6564,14911,12240,8751,17127,10343,7595,6703,7302,4113,10211,11435,5561,6062,22758
84)FA17:0,17653,90314,76866,43748,117113,130828,45556,93360,108986,46021,37322,109790,49839,49422,90498,25693,29100,81681,64588,83495,57125,86277,27172,42190,66339,41298,65556,31346,39814,50318,59615,21173,51504,84296,42027,143758,145062,41343,119459,34131,143197,126458,87531,57595,132150,30255,115365,69753,41377,122819,103025,101578,130511,131584
85)unk-42,7359,10279,7976,28425,23253,59028,62133,44098,60610,89248,90817,82833,108084,83136,40519,46089,70987,48876,31802,33669,34028,14694,11437,23860,10194,23898,38391,7950,4868,18562,16050,5681,20263,65177,57123,51573,81487,53009,71185,68418,103391,99758,88269,183824,86128,58870,124188,77488,61024,174276,140847,74314,103405,217320
86)GSH,2446,3117,1107,39611,13377,20671,30183,12287,16581,20794,15642,14311,23332,12851,10097,6083,5100,4610,5833,5321,11377,3739,4203.5,2936,2678,3086,7470,1204,3665,2670,6183,3581,5669,15718,15769,12800,13551,8779,12172.5,10533,11526,11545,10219,14854,7229,5546,10181,7975,2892,12464,7230,7500,6949,12210
88)unk-46,42735,90684,23465,236551,128603,164049,165167,34943,43360,63163,74702,17039,118798,42762,30232,20304,14745,10134,11911,30703,25831,42796,15982,15797,7096,24252,16484,2434,28854,315,123700,28905,41928,100826,100432,81284,159730,19620,17848,23294,48208,28465,19551,81216,81507,13975,38975,14888,11481,36204,23335,33450,11867,39972
90)unk-48,7142,2608,1040,1860,1009,1005.5,431,701,971,654,1692,1279,453,2683,855,577,217,143,861,6178,402,231,12139,3331,43,1401,20187,932,0,0,558,331,152,8766,455,3359,4694,285,733,5240,1159,0,1582,2684,0,1042,0,0,4549,0,0,35301,1494,336
91)unk-49,73643,64598,59343,82250,77624,63205,68480,58534,61414,82335,57087,60553,67397,58425,47773,49344,50077,44431,52495,47811,46538,60616,43866,45340,45219,52822,70622,52728,48948,63946,67573,53538,67074,79583,66341,71620,68434,60971,75170,76107,56687,78456,65272,84515,70054,52479,70169,64058,79866,83107,80303,93582,70629,110088
92)ARB,51022,24457,14937,319666,193218,272871,638393,348429,624356,384442,355643,486266,74263,55812,119337,21960,53642,21818,22392,27696,66949,26538,6113,45434,13867,31593,42004,14822,6418,12060,171618,166814,299305,538138,539752,583661,658576,606765,765105,430343,666414,963572,556388,1699125,692820,592171,712420,610258,701095,1706466,1125024,717889,677377,1732203
93)unk-51,35830,64720,12826,49776,34819,22549,39327,82547,20000,110593,15225,82077,10752,33481,59165,69291,23262,39449,65643,13043,16714,27622,7953,8871,11817,41809,28744,55538,48702,7486,8384,13515,25977,18530,9853,95124,85366,19318,32666,22910,9791,9915,14571,14778,8184,63117,119090,28074,149793,83710,17390,16027,26469,122086
94)LACT,16007,6436,1506,84044,75852,106967,197404,138159,216211,131165,120432,164606,26730,21401,36441,1811,14177,431,1419,1445,6343,375,849,5036,203,4294,1415,8176,3087,3000,83819,63138,98688,266317,208882,210589,280097,202266,261260,182997,245270,312887,236038,729575,260336,263056,276840,237193,384596,623832,430686,358435,267157,633064
95)SUCR,1722,346,224,135125,44995,83326,102756,119030,236761,78022,99519,218379,18460,7541,76972,1554,10171,1875,304,3010,10233,3028,2416,12301,439,6126,11793,7249,945,1280,49555,79661,65925,215473,230442,208253,278782,295457,300796,246723,325504,367872,359972,669244,359890,388381,449697,340563,459726,734620,585026,567290,507191,787696
96)LACT,3567203,3255042,299517,209411,92546,110329,191883,124108,155342,100051,153420,290053,54878,20851,125260,138972,83879,9851,144050,11561,58153,9569,52814,68083,17228,44882,12559,372914,2312796,70585,90986,152780,125381,144570,148499,172285,547331,353602,582915,460023,639975,737133,552383,1355429,593345,760183,878020,621734,928244,1462815,1133266,1073071,942614,1641070
97)LAC-OL,167,243,319,1914,15617,46324.5,77032,96844,112252,35111,30764,109419,16544,21129,26655,2346,3812,2165,2263,2066,5559,996,3217,353,607,1206,957,435,0,0,4680,55997,47890,117297,154925,143790,169181,203930,206330,175323,245639,246078,254952,331692,232499,248451,281637,222753,290922,378914,316766,312668,296839,365161
98)3HBA,12926,12843,12682,17760,11364,19739,11857,13073,29148,20228,13119,15443,10729,11394,13612,11016,12911,13441,11842,12188,11300,12932,10731,13584,9277,12445,13589,10423,13867,14331,14979,14889,14384,12321,16413,13823,13026,7725,15033,13340,12196,16957,12698,14338,15286,13424,14129,12650,14584,12597,13514,13337,13159,17476
99)kLEU,25124,31453,14771,31145,30429,14377,15987,15799,15391,17430,14298,14824,15253,14172,11573,12985,10104,11101,13120,12004,9315,10042,9635,7876,10959,8771,7080,19071,15889,17096,17264,32453,16646,16299.5,18823,13367,15335,15634,11392,16013,14082,12337,15558,18369,15729,13057,12848,12678,17280,18499,11312,12803,17922,13722
101)MAE,47847,61585,27904,45316,45018,30526,49938,29903,28573,55199,57527,31556,41660,48537,36642,42478,42402,19314,45296,44267,25986,38889,33001,22889,19506,21771,18374,18530,29322,33320,34904,50542,31560,58436,52570,28090,31155,38924,31926,31414,32054,31713,34617,33838,31156,42570,48619,46178,52487,55023,28460,48345,19522,33275
102)PORP,118941,123323,132956,151015,146439,233288,127870,116431,109377,106267,129872,103120,113103,97442,105272.5,89128,99349,104238.5,103205,151512,140459,133136,127139,78898,111150,111593,64652,96386,106403,129962,136157,142177,142201,161703,84411,116241,108444,90893,73209,168206,211795,114435,75732,136482,117216,123262,85745,88400,75651,142376,77166,166665,72149,100293
103)3HPA,9363,6456,4793,8985,7340,5935,5848,5109,11392,6942,10182,11305,8166,10499,7977,5856,5544,3822,5665,6386,5359,6757,5825,6630,4936,10275,9806,15616,10529,13931,16614,18675,17013,17640,12973,13181,17134,21280,13872,17443,13412,18143,12571,21119,11331,13867,12592,20716,30947,12641,20831,20674,13746,19326
104)PHE,72296,88422,87018,90710,112105,109578,102975,81115,132138,72297,44955,72247,101619,50129,41914,52297,110315,73478,82520,72224,105042,32369,64276,62234,52648,59441,112261,81568,99902,139581,149156,98834,157895,137622,169819,121747,112959,159606,104149,119430,80682,113864,101083,97155,108504,102563,116525,105821,113145,121245,109479,96862,139280,130868
105)XYL-OL,32824,19803,11309,46187,34405,28872,35875,24180,19957,30573,28298,16752,36463,26463,16449,18274,20380,12023,17815,33664,33161,17173,14713,13709,21000,22599,24634,3422,3159,2883,12148,4881,20313,14292,8513,10193,17322,5190,13848,7259,24610,21957,8071,32368,8427,13403,22253,25944,9321,27409,14864,20740,19626,27487
106)9H-CAR,156386,174404,102132,142574,163895,134743,145455,147338,181428,104191,124053,139901,107396,199398,75781,92395,80131,49117,87557,75579,75676,57487,43883,40021,40869,47957,60573,134500,87241,108332,322545,108301,96647,236765,154938,166392,108825,61778,72340,83226,108462,131054,91903,128728,79494,94001,74029,82183,37242,98901,64877,17580,94969,123403
107)SOR-OL,74134,44457,29498,113522,87053,97336,127442,42573,72242,90983,77969,66359,86402,94330,54953,70894.5,48827,44397,55387,52043,65750,35388,49233,45003,50702,39038,50156,46526,67226,57928,82161,45548,96863,97612,72659,55006,65773,31309,42734,37330,53640,67967,74787,66848,79099,58222,83554,31363,52206,72350,59977,34946,74175,103762
108)DHPGly,8581,14169,12629,15524,12034,5719,9807,7407,11204,9941,6038,10118,12384,10931,9329,11712,8673,13177,15882,12812,9052,15535,10732,13421,16889,16408,31743,14209,16718,12328,13638,17578,10089,8243.5,4258,15363,2849,6970,4973,10122,4790,10362,12724,4526,3907,11013,8187,13106,21739,12751,21446,13978,2457,10000
109)FA17:0,23784,21608,27151,43787,25468,38565,41470,24561.5,30704,48734,23655,23324,45406,33287,24834,30529,19176,17318,22726,29184,41873,24531,21687,29806,25238,31769,45223,25343,27620,42221,42617,19548,38559,153085,143104,107440,126891,32750,36710,27513,37910,38618,31801,38247,25017,23339,24713,24294,32052,32030,23926,36386,22971,42864
110)ATROP,14663,12773,19355,9385,13016,20636,8077,11929,9355,23056,17995,22004,12819,13906,17396,14824,14399,11816,16829,14892,12289,16781,12159,10762,13057,17122,33348,18689,14640,22620,20357,18699,28099,20132,18947,18784,14482,18830,20905,19921,13685,25369,21717,18813,27204,24243,20532,25227,19636,33560,18796,21207,14824,28094
111)LACT,61003,28983,30978,68496,44501,52646,64262,34479,50860,51634,43623,41693,38136,40883,10495,29358,27275,25197,34224,27061,10488,32655,18531,6330,27667,8125,7712,27386,10125,39950,41404,31049,33220,20471,47629,9612,54822,47630,10963,39662,8498,52236,44698,9834,19183,23812,9171,8244,52995,11386,65063,4543,8297,12059
112)MALT,10968,17913,21094,10386,9955,8674,27947,27195,46225,82538,77257,82727,108192,88217,90952,44910,52443,50045,49941,49989,164055,48737,47288,106638,47605,56196,124063,9512,8592,10027,22709,12630,14383,28871,21537,52253,13238,54400,43265,7519,9464,25840,33701,30706,37518,13742,31987,15888,46084,65609,15555,27746,39231,48647
113)CY,16448,28045,32052,32070,19040,30913,16321,28395,35365,20637,30354,39394,27767,27140,28384,24166,11261,16441,29659,21482,15269,26442,18162,24291,25318,19268,55089,30537,31059,32241,30241,34053,32452,40945,25483,18228,38029,43798,29765,45129,39063,42694,28098,59510,44936,42940,50226,55458,33864,47385,50568,46453,37053,32942