Reaction_ID,MaxBiomass,minFlux,maxFlux
EX_gln__L_e,0.0,0.0,0.0
EX_hco3_e,-1.99,-1.99,-0.5529998620802
EX_mn2_e,0.0,0.0,0.0
EX_arg__L_e,0.0,0.0,0.0
ADPT,9.49137088523547e-05,9.4913703264865e-05,9.49137088523544e-05
O2tcx,0.027983815498613,0.0279838143895837,0.029685
AOXPBDC,1.29776357660149e-05,1.2977635e-05,1.29776357660149e-05
DNTPPA,3.78121114818885e-05,3.78121092500031e-05,3.78121114818917e-05
CBMD,0.0,0.0,0.0
H2Otu_syn,-8.52903310608892,-74.9377434301001,-7.57281761643322
DTMPK,0.000251970493152752,0.00025197047830261,0.000251970493152752
BIOMASS__1,0.051295003027727,0.051295,0.0512950030277269
ATPM,0.0,0.0,112.144208342073
ACOATA,0.0163015386255109,0.0,0.0163015386255122
5DOAN,5.14976182896865e-05,5.14976152500008e-05,5.14976182896864e-05
3HAD160,0.0162885609897448,0.0162885600283289,0.0162885609897461
RNDR3,0.000312987130334306,0.00031298711186,0.000564957623487105
Htex,2.8195096193473,1.36950186504424,2.82589836369041
G5SD,0.0181927228072395,0.0181927217334,0.0181927228072394
HISTDa,0.00603121362214702,0.00603121326615,0.00603121362214701
TRPS3,0.00350302603596881,0.0,0.00350302603596942
DMBZIDS2,2.5365378997211e-06,2.53653775e-06,2.53653789972109e-06
HSTPT,0.00603121362214702,0.00603121326616929,0.00603121362214701
ZCAROTDH2,0.0,0.0,0.000314048013586952
ORNDC,6.37083937604369e-05,0.0,6.37083937604482e-05
GND,0.0,0.0,0.050649039276175
CMPA_1,0.0,0.0,6.37083937604425e-05
U23GAAT2,0.0,0.0,0.0
HOXGfx,0.00168760559961222,0.0016876055,0.00168760559961221
PGK,4.98343726882328,4.9834370506787,5.2212
IMPD,0.00887666788076221,0.00887666735681001,0.00887666788076296
LPOR,0.000748907044204814,0.000748907,0.000748907044204946
CHRPL,8.84838802228291e-06,8.84838749997112e-06,8.84838802229108e-06
GCALDDy,3.78121114818885e-05,3.78121092500031e-05,3.78121114818917e-05
MSBENZMT,8.84838802228291e-06,8.84838749997112e-06,8.84838802229108e-06
DESAT18a,0.000251677649980467,0.000251677635105807,0.000251677649980487
FUM,0.026120578959088,0.026120547441045,0.0848801562462377
PHYFXOR,0.00168760559961222,0.0016876055,0.00168760559961221
TMPPP_1,1.25647109916417e-05,1.25647102500008e-05,1.25647109916417e-05
VPAMTr,0.357126114103796,0.0,70.2375935185067
RNDR1,0.000251970493152752,0.00025197047828,0.000251970493152752
TALA,0.0370839299211278,-0.252607785082144,0.0370839779692385
GLYCL,0.0150626723687193,0.0,0.0626152616152709
ACONT,0.0763,0.0762999999999465,0.134995865935222
NDPK7,0.000312987130334306,0.000312987111897201,0.000564957623487105
GTPCI,0.000923417774005444,0.000923417719500003,0.000923417774005572
AIRC2,0.0104246656146641,0.0104246649993419,0.0104246656146645
IGPS,0.00350302603596881,0.0035030258292,0.00350302603596942
MTAP,4.34160905626681e-05,4.3416088e-05,4.3416090562668e-05
HEMEAS_1,0.0,0.0,0.0
DHORD3um,0.00922364441377271,0.00922364386934,0.00922364441377451
MTHFC,0.0258242006936737,0.0164558782654467,0.119502801201942
HBZNPT,8.84838802228291e-06,8.84838749997112e-06,8.84838802229108e-06
GCATENEC,0.000314048013586926,0.000314047995061628,0.000314048013586994
COCHL_1,2.5365378997211e-06,2.53653775e-06,2.53653789972109e-06
HSDy,-0.0165973563950217,-0.0165973563950217,-0.0165973554153425
TRPS1,0.0,0.0,0.00350302603596909
HISTDb,0.00603121362214702,0.00603121326615,0.00603121362214701
UPPDC1,0.00244907735480868,0.00244907721025,0.00244907735480867
GARFT,0.0,0.0,0.0104372303256578
H4THDPR,0.0171283909915665,0.01712838998055,0.0171283909915679
UDPG4E,0.00720569709674681,0.00720569667146265,0.00720569709674677
GLCS3,0.0395207312636983,0.0395207299462,999.9828
AICART,0.0164558792368111,0.0164558782654919,0.0164558792368113
ASPTA,-0.108164696099865,-69.9174321153527,-0.108164689715409
GLYOX,0.0,0.0,0.0
PRAGSr,0.0104372303256557,0.0104372297095919,0.0104372303256555
SQD1,0.000724476516637784,0.000724476473875,0.000724476516637782
ACKr,-0.0870022236515401,-0.145698056684871,0.0
UDCPDPS,5.66296833426106e-06,5.66296800000006e-06,5.66296833426122e-06
GK1,0.00887920441866193,0.00887920389459396,112.153087545973
SHKK,0.0236764858930228,0.0236764844955,0.0236764858930289
OXADC,0.0,0.0,0.0626152616153032
G1PACT,0.00678891416872088,0.006788913768,20.6068473833965
3HAD60,0.0163015386255109,0.0163015376632529,0.0163015386255122
PGI,-0.0712509628989814,-0.1219,-0.071250960723825
KAS14,0.0163015386255109,0.0,0.0163015386255122
OHPBAT,1.29776357660149e-05,1.29776350377142e-05,1.29776357660149e-05
PQH2tum,8.84838802228291e-06,8.84838749997112e-06,8.84838802229108e-06
O2tu,4.26451655304446,3.78640880821661,37.46887171505
O2tpp,-3.68906098103272,-20.8414510712216,-3.68901296435051
H2Otex,-0.276345916270935,-0.276441628950057,34.7600386786303
SK_for_c,0.0,0.0,1.37919845770071e-07
EX_mg2_e,-0.000748907044204814,-0.000748907044204876,-0.000748907
3HAD80,0.0163015386255109,0.0163015376632529,0.0163015386255122
3OAR160,0.0162885609897448,0.0162885600283289,0.0162885609897461
NMNS,0.0,0.0,0.0
PPK,-0.586846479150475,-1000.0,111.557361923292
GALUi,0.0145302316352831,0.0145302307776092,56.0866344018101
PHYTES2_1,0.000314048013586926,0.00031404799505,0.000314048013586922
IGPDH,0.00603121362214702,0.00603121326615,0.00603121362214701
OMPDC,0.00922364441377271,0.00922364386934,0.00922364441377451
DCTPD,0.0,0.0,0.00025197049315278
GLUSfx,0.0,0.0,66.4131292400746
NADS2,0.000128478594083402,0.000128478586500114,56.0722326496207
GLUTRR,0.0197134288296003,0.019713427666,0.0197134288296002
G1PTT,0.0,0.0,0.0
UAMAGS,0.00339445708436044,0.003394456884,8.71880380941674
SPS,1.53885009083181e-05,1.53885e-05,56.0721195595323
ADCL,3.78121114818885e-05,3.78121092500031e-05,3.78121114818917e-05
CYTK1,0.00744216372652945,0.00743272500725034,0.00744217331759955
DAPDC,0.0171283909915665,0.01712838998055,0.0171283909915664
PSIum,17.3369675551962,17.3369664827456,158.365789565115
R05219,2.5365378997211e-06,2.53653775e-06,2.53653789972109e-06
Cobalt2abcppI,2.5365378997211e-06,2.53653775e-06,2.53653789972109e-06
PFK_3,0.0,0.0,112.144208342079
THRS,0.0121480647647989,0.01214806404775,0.0121480647647988
NAMNPP,2.5365378997211e-06,2.53653774962004e-06,2.53653789972109e-06
FOLD3,3.78121114818885e-05,3.78121092500031e-05,3.78121114818917e-05
P5CR,0.0181927228072395,0.0181927217334,0.0181927228072394
MEHLER_1,0.0,0.0,17.1507060109832
ICHORS,9.96918383843874e-06,9.96918322471174e-06,9.96918383843872e-06
3OAS140,0.0162885609897448,0.0162885600283,0.0162885609897461
PPK2,-0.000888142200423277,-0.000888142200423274,-0.000888142148028237
IPDPS_syn,0.00572751129772076,0.0,0.00572751129772146
GLYDHDA,999.584483388423,-34.3294336484672,1000.0
SBP,1.0008,0.7704,113.145008342073
H4THDPS,0.0171283909915665,0.01712838998055,0.0171283909915679
EAR60y,0.0163015386255109,0.0163015376633,0.0163015386255122
ZNabcpp,0.0,0.0,0.0
UAPGR,0.00339445708436044,0.00339445688405249,10.3034236916957
DHAD1,0.044107294319117,0.04410729171565,0.0441072943191169
IPPS,0.0257900703323287,0.02579006881005,0.0257900703323287
ANS,0.0,0.0,0.00350302603596879
SUCBZL,9.96918383843874e-06,9.96918325e-06,9.96918383843872e-06
ADSL1r,0.00757921135604891,0.0075792109086819,0.0075792113560491
NNATr,0.000128478594083402,0.000128478586475467,56.0722326496207
PERD,1.29776357660149e-05,1.2977635e-05,1.29776357660149e-05
PPBNGS,0.00985671441480015,0.009856713833,0.00985671441480012
ADOCBLS,2.5365378997211e-06,2.53653775e-06,2.53653789972109e-06
LTHRK,2.5365378997211e-06,2.53653775e-06,2.53653789972109e-06
PPS,0.0,0.0,112.144208342079
APRAUR,1.51602381448447e-05,1.516023725e-05,1.51602381448447e-05
PDS2_1,0.0,0.0,0.000314048013586952
O2tex,-3.68906098103272,-20.8414510712209,-3.68901296435387
ALAALAr,0.00339445708436044,0.003394456884,112.147602798994
ADCPS2,2.5365378997211e-06,2.53653775e-06,2.53653789972109e-06
GF6PTA,0.00678891416872088,0.00678891376799129,112.150997255837
DNMPPA,3.78121114818885e-05,3.78121092500031e-05,3.78121114818917e-05
PGMT,-0.0712509628989814,-112.215459302792,-0.0712509607237735
G5SADs,0.0181927228072395,0.018192721733385,0.0181927228072394
GLCP2_1,0.0,0.0,999.943279270054
AGDI_1,0.0,0.0,6.37083937604425e-05
LPADSS2,0.0,0.0,0.0
GLYCK,0.0,0.0,0.0712
DPR,9.4382805571148e-06,9.43828001709335e-06,9.43828055713098e-06
EX_ptrc_e,0.0,0.0,0.0
EAR120y,0.0162885609897448,0.0162885600283,0.0162885609897461
MAN1PT,0.00623767754818372,0.00623767718,0.00623767754818369
NMNAT,0.0,-56.072104171028,112.144208342084
TKT2,-0.90040077341822,-1.04669471067479,-0.900400756873107
PSP_L,0.0386420154007016,0.0377914200432187,0.155968025016772
HEX7,0.0,0.0,56.0721041710335
PPNCL2,9.4382805571148e-06,0.0,9.43828055713055e-06
CHORS,0.0236764858930228,0.0236764844955,0.0236764858930289
CYTBD4cm,0.0,0.0,13.5680318453732
PPNCL3,0.0,0.0,0.0
CS,0.0763,0.0763,0.134995865935222
PPCDC,9.4382805571148e-06,9.43827999999591e-06,9.43828055712246e-06
LDH_D,0.0,-4.5973248971598e-08,10.3000292348141
HPYRRy,0.0,0.0,0.0712
ADMDC,4.34160905626681e-05,4.3416088e-05,4.3416090562668e-05
PRE3BS,2.5365378997211e-06,2.53653775e-06,2.53653789972109e-06
PPPGO2_1,0.00244907735480868,0.00244907721025,0.00244907735480867
BIOMASS_DNA,0.000348806020588544,0.000348806,0.000348806020588543
DMATT,0.00141404832256529,0.00141404823909997,0.00141404832256579
DNAMTn2r,0.0,0.0,0.0
G3PD2,-0.00983396867160757,-0.00983396867160837,-0.00983396809112946
MDH,0.0117646960998646,-0.0737794525589642,0.0705242640405176
PHYTES,0.000314048013586926,0.00031404799505,0.000314048013586922
RB15BPtcx,2.7983815498613,2.79838143895837,2.9685
MI3PP,0.0,0.0,0.0
MOHMT,9.4382805571148e-06,9.43827999999591e-06,9.43828055713098e-06
GLXO3r,0.0,0.0,0.0626152616153032
FBA,-1.03461201026543,-1.38359543592873,-1.03461190982623
RZ5PP,2.5365378997211e-06,2.53653775e-06,2.53653789972109e-06
PROAKGOX1,0.0,0.0,0.0
ASAD,-0.0337257473865882,-0.0337257473865885,-0.033725745395941
CYSS_2,0.0023110548124618,0.00231105467605,0.00231105481246177
LYCOPC,0.000314048013586926,0.000314047995061628,0.000314048013586994
ACOTA,-0.0189659857447819,-0.0189659857447835,-0.0189659846253107
3HAD180,0.000282729593013332,0.000282729576269958,0.00028272959301339
FTHFD,0.00936832145686258,0.0,0.103046922936416
ALDD2y,0.0,0.0,0.0
3OAS80,0.0163015386255109,0.0163015376633,0.0163015386255122
PSCVT,0.0236764858930228,0.0236764844954678,0.0236764858930289
CBPS,0.0281259217647942,0.02812592010464,0.0281896301585588
NTPP8,0.0,0.0,112.144208342068
MEPCT,0.00572751129772076,0.00572751095964958,0.00572751129772146
PDX5POi,1.29776357660149e-05,1.29776350377142e-05,1.29776357660149e-05
DHAD2,0.0168471261273646,0.01684712513295,0.0168471261273645
DHFS,3.78121114818885e-05,3.78121092500031e-05,3.78121114818917e-05
PGCD,0.0386420154007016,0.0377914200431633,0.155968025016772
SPMDabcpp,0.0,0.0,0.0
NTD6,0.0,0.0,0.0
NNDMBRT,2.5365378997211e-06,2.53653775e-06,2.53653789972109e-06
PRATPP,0.00603121362214702,0.00603121326615,0.00603121362214701
ASNN,0.0,0.0,56.0721041710274
SERAT,0.0023110548124618,0.00231105467605,0.00231105481246177
PRAIS,0.0104372303256557,0.0104372297095919,0.0104372303256554
PRAMPC,0.00603121362214702,0.00603121326615,0.00603121362214701
AMPMS3,1.25647109916417e-05,1.25647102322546e-05,1.25647109916417e-05
G1PCTYT,0.0,0.0,0.0
ACBIPGT,2.5365378997211e-06,2.53653775e-06,2.53653789972109e-06
SEPHCHCS,9.96918383843874e-06,9.96918325e-06,9.96918383843872e-06
NMNDA,0.0,0.0,56.072104171028
CA2abcpp,0.0,0.0,112.144208342073
ORNTAC,0.0189659857447819,0.0,0.0189659857447835
SUCBZS,9.96918383843874e-06,9.96918325e-06,9.96918383843872e-06
UHGADA2,0.0,0.0,0.0
DHNANT,9.96918383843874e-06,9.96918325e-06,9.96918383843872e-06
ASPO6,0.0,0.0,34.3014750834256
HGYDAS,2.5365378997211e-06,2.53653775e-06,2.53653789972109e-06
GGDPR,0.000758876228043253,0.00075887618325,0.000758876228043251
ASP1DC,9.4382805571148e-06,9.43827999999591e-06,9.43828055713098e-06
PPNDH,0.0130884047603032,0.01308840398775,0.0130884047603031
ASPK,0.0337257473865882,0.0337257453959,0.0337257473865885
DXPS,0.00575305364447842,0.00575305330489974,0.0057530536444785
ME2,0.0143558828592234,0.0108,0.0999
3PGtcx,5.56877928422398,5.56877906352715,5.907315
DDPGA,0.0,0.0,0.0
PAPSR,0.00748482295932245,0.007484822517525,0.00748482295932243
SADT,0.00748482295932245,0.007484822517525,0.00748482295932377
BIOMASS_COFACTORS,0.000589892534818861,0.0005898925,0.000589892534818859
DPCOAK,9.4382805571148e-06,9.43827999999591e-06,9.43828055712246e-06
NH4tpp,0.0031,0.0,0.0031
DM_h2_c,0.0,0.0,34.3014120219648
PC11M,2.5365378997211e-06,2.53653775e-06,2.53653789972109e-06
DPOR,0.0,0.0,0.0
ARGSL,0.0189022773510215,0.0189022762353,0.0189659857447818
HSK,0.0121480647647989,0.01214806404775,0.0121480647647988
MTHFD,0.0258242006936737,0.0164558782654467,0.119502801201942
PMDPHT,1.51602381448447e-05,1.51602372397974e-05,1.51602381448447e-05
ARGabcpp,0.0,0.0,0.0
3HAD140,0.0162885609897448,0.0162885600283289,0.0162885609897461
ARGOXRum,0.0,0.0,0.0
DAPE,0.0171283909915665,0.0171283899805985,0.0171283909915679
BCAROHX2,0.000185616097956133,0.000185616087,0.000185616097956133
HPPK,3.78121114818885e-05,3.78121092126094e-05,3.78121114818917e-05
PANTS,9.4382805571148e-06,9.43827999999591e-06,9.43828055713098e-06
AHCi,0.000834972365034886,0.000834972315749755,0.000834972365035082
G6PDH2r,0.0,0.0,0.050649039276175
ALAD_L,-1000.0,-1000.0,0.0408311319293944
GTPCII,1.51602381448447e-05,1.516023725e-05,1.51602381448447e-05
GLCBRAN3,0.0172,0.0172,112.161408342044
DB4PS,3.03204762896894e-05,3.03204745e-05,3.03204762896894e-05
DXPRIi,0.00572751129772076,0.00572751095964958,0.00572751129772146
FBA3,-1.0008,-1.0008,-0.7704
RBFSa,3.03204762896894e-05,3.03204745e-05,3.03204762896894e-05
GLUTRS,0.0347962571724259,0.03479625511855,0.0347962571724257
MPOMMM,0.000748907044204814,0.000748907,0.000748907044204879
METAT,0.000942863709653256,0.000942863653999943,0.000942863709653343
EAR160y,0.0162885609897448,0.0162885600283,0.0162885609897461
DHORTS,-0.00922364441377271,-0.00922364441377451,-0.00922364386929075
PDX5PS2,1.29776357660149e-05,1.29776350377142e-05,1.29776357660149e-05
KARI_23dhmp_1,0.0168471261273646,0.01684712513295,0.0168471261273645
ARGDC,0.0,0.0,6.37083937604425e-05
GAPDi_nadp,4.98343726882328,4.98343705067869,1000.0
NTD7,0.0,0.0,112.144208342079
AIRC3,-0.0104246656146641,-0.0104246656146645,-0.0104246649993911
UMPK,0.0126181014981331,0.0126181007533432,112.156826442818
ASPOb,0.0,0.0,69.8092674257542
RBFSb_1,1.51602381448447e-05,1.516023725e-05,1.51602381448447e-05
SUCDum,-0.0106570967685631,-0.0107856047020688,69.7986103341183
FBP,1.03461201026543,1.03461190982612,113.409220251892
CITCIb,0.0168471261273646,0.0168471251329265,0.0168471261273645
MNabc_1,0.0,0.0,0.0
TMPK,1.25647109916417e-05,1.25647102500008e-05,1.25647109916417e-05
AGPR,-0.0189659857447819,-0.0189659857447835,-0.0189659846253107
IPMD,0.0257900703323287,0.02579006881005,0.0257900703323287
CDPMEK,0.00572751129772076,0.00572751095964958,0.00572751129772146
DVOCHR_1,0.000748907044204814,0.000748907,0.000748907044204879
H2CO3_NAt_syn,1.99,-55.5191043089516,1.99000000000001
HEMEOS,1.25647109916417e-05,1.25647102322546e-05,1.25647109916417e-05
PMANM,-0.00623767754818372,-0.00623767754818369,-0.00623767718002455
RPE,-1.86411684349709,-2.00652988480674,-1.86411677890387
MPOMT_1,0.000748907044204814,0.000748907,0.000748907044204879
CPPPGO2,0.0,0.0,0.0
PC17M_1,2.5365378997211e-06,2.53653775e-06,2.53653789972109e-06
UAMAS,0.00339445708436044,0.003394456884,8.71880380941674
GLUCYS,0.0,0.0,56.0721041710323
NDHPQRum,0.0,0.0,69.809267425769
CYNL,0.0,0.0,0.0
DCTPD2,0.0,0.0,56.0721041710258
CYOOum,0.48277842867288,0.0,33.6838133661165
BPNT2,0.0,0.0,112.144208342063
METS_1,0.00528426399525775,0.00528426368334994,0.00528426399525792
PRUK,2.7983815498613,2.79838143895837,2.9685
FNOR_1,5.47037999617703,5.03337516439499,75.2796471289912
GART,0.0104372303256557,0.0,0.0104372303256564
IPPMIb,-0.0257900703323287,-0.0257900703323287,-0.0257900688100108
DMTPHT,9.96918383843874e-06,9.96918325e-06,9.96918383843872e-06
PC6YM_1,2.5365378997211e-06,2.53653775e-06,2.53653789972109e-06
PGL,0.0,0.0,0.050649039276175
DDPA,0.0236764858930228,0.0236764844955,0.0236764858930289
ASPCT,0.00922364441377271,0.00922364386929075,0.00922364441377451
HSERTA,0.00444929163022286,0.0044492913676,0.00444929163022283
OMCDC,0.0257900703323287,0.02579006881005,0.0257900703323287
CYRDAAT,2.5365378997211e-06,2.53653775e-06,2.53653789972109e-06
MECDPDHf,0.00572751129772076,0.00572751095964958,0.00572751129772146
Htcx,-2.82636536535991,-2.99818500000004,-2.82636525334795
H2Otpp,-0.27225973406099,-19.155624662977,34.7641248606024
HISTP,0.00603121362214702,0.00603121326615,0.00603121362214701
MTHFR3_1,0.00529682870624939,0.00529682839360008,0.00529682870624956
EX_ca2_e,0.0,0.0,0.0
3HAD40_2,0.0163015386255109,0.0163015376632529,0.0163015386255122
ZCAROTDH1,0.0,0.0,0.000314048013586952
CYRDAR,1.26826894986055e-06,1.26826887481002e-06,1.26826894986055e-06
HCO3tcx,2.77039773436268,2.77039762456878,2.938815
GLYALDDy,0.0,0.0,0.0
IMPC,-0.0164558792368111,-0.0164558792368113,-0.0164558782654467
BIOMASS_PROTEIN,0.0319619163865767,0.0319619145,0.0319619163865766
LDAPAT,-0.0171283909915665,-0.0171283909915679,-0.0171283899805985
EX_nh4_e,-0.0031,-0.0031,0.0
3OAR40_2,-0.0163015386255109,-0.0163015386255122,-0.0163015376632529
RNDR2,0.000312987130334306,0.00031298711186,0.000312987130334305
GRTT,0.00140519993454301,0.0014051998516,0.00140519993454316
NPDPS,8.84838802228291e-06,8.84838749997111e-06,8.84838802229108e-06
3OAS100,0.0162885609897448,0.0162885600283,0.0162885609897461
ADSL2r,0.0104246656146641,0.0104246649993911,0.0104246656146645
MAN6PI,-0.00623767754818372,-0.00623767754818369,-0.00623767718002455
HPROb,0.0,0.0,0.0
3OAS120,0.0162885609897448,0.0162885600283,0.0162885609897461
NTPP2,0.0,0.0,112.144208342065
EAR180y,0.000282729593013332,0.000282729576269958,0.00028272959301339
DHQTi,0.0236764858930228,0.0236764844954678,0.0236764858930289
3OAS60,0.0163015386255109,0.0163015376633,0.0163015386255122
EAR40y,0.0163015386255109,0.0163015376633,0.0163015386255122
MG2uabcpp,0.000748907044204814,0.000748907,0.000748907044204879
KARA1,-0.044107294319117,-0.0441072943191169,-0.0441072917157044
TKT1,-0.963716070078872,-1.02300778508208,-0.963716022032061
PTRCabcpp,0.0,0.0,0.0
IPDDI,0.00141404832256529,-0.00431346297511936,0.00141404832254466
PKETF,0.0870022236515401,0.0,0.145698056684871
ACODA,0.0,0.0,0.0189659857447836
ENO,0.5467,0.5467,0.660557054708946
NDHPQRcm,0.0,0.0,27.1360636907474
NI2uabcpp,0.0,0.0,0.0
Kabcpp,0.0,0.0,0.0
TDPDRR,0.0,0.0,0.0
UAGCVT,0.00339445708436044,0.003394456884,10.3034236916957
TDPGDH,0.0,0.0,0.0
PRASCSi,0.0104246656146641,0.0104246649993911,0.0104246656146645
PRFGS,0.0104372303256557,0.0104372297095919,0.0104372303256554
MG2tex,0.000748907044204814,0.000748907000001964,0.000748907044204942
GLU5K,0.0181927228072395,0.0181927217334,0.0181927228072394
TRDR,0.00861473820629656,0.0,0.00861473820629651
GLUPRT,0.0104372303256557,0.0104372297095919,0.0104372303256555
PSERT,0.0386420154007016,0.0377914200431633,0.155968025016772
PC8XM,2.5365378997211e-06,2.53653774962004e-06,2.53653789972109e-06
GMPS2,0.00887666788076221,0.00887666735684434,0.00887666788076296
RBFK,1.51602381448447e-05,1.516023725e-05,1.51602381448447e-05
NTRIRfx,0.492732635826876,0.492732606560001,0.495832635826893
UPP3MT,2.5365378997211e-06,2.53653775e-06,2.53653789972109e-06
ACS,0.0937651066321245,0.00676281362152675,20.7093411667399
DHNCOAS,9.96918383843874e-06,9.96918325e-06,9.96918383843872e-06
MCOATA,0.114367544700057,0.114367537949425,0.114367544700067
GTHPi,0.0,0.0,17.3710054691698
ARGSS,0.0189022773510215,0.0189022762353,0.0189659857447818
PKETX,0.0,0.0,0.145698056685879
PMPK,1.25647109916417e-05,1.25647102500008e-05,1.25647109916417e-05
HMBS,0.00246417860370004,0.00246417845825,0.00246417860370003
PTPATi,9.4382805571148e-06,9.43827999999591e-06,9.43828055712246e-06
PGLYCP,0.027983815498613,0.0279838143895837,0.029685
HTHRPDH,1.29776357660149e-05,1.2977635e-05,1.29776357660149e-05
UAGAAT2,0.0,0.0,0.0
SPTc,0.0,0.0,0.0711999999999762
GTHOr,0.0,0.0,17.3710054691698
TDPDRE,0.0,0.0,0.0
SHK3Dr,0.0236764858930228,0.0236764844954678,0.0236764858930289
ORPT,-0.00922364441377271,-0.00922364441377451,-0.00922364386929075
PRPPS,0.0294210432383798,0.0294210415017915,0.0294210432383818
CITMS,0.0168471261273646,0.01684712513295,0.0168471261273645
BCT1_syn,0.0,0.0,56.072104171034
SPODM,0.0866848377759809,0.086684832413728,34.7345757636997
TRDRf,0.0,0.0,0.00861473820629723
AMPTASECG,0.0,0.0,56.0721041710395
SPRMS,0.0,0.0,0.0
PGAMT,-0.00678891416872088,-20.6068473833965,-0.00678891376799129
NNDPR,0.000128478594083402,0.000128478586500114,0.000128478594083443
ADSK,0.00748482295932245,0.007484822517525,112.151693164582
MECDPS,0.00572751129772076,0.00572751095964958,0.00572751129772146
FCLT,0.00170017031060386,0.00170017021025,0.00170017031060385
SHCHCS3,9.96918383843874e-06,9.96918325e-06,9.96918383843872e-06
PPA,0.0,0.0,112.144208342071
ADCYRS,2.5365378997211e-06,2.53653775e-06,2.53653789972109e-06
ATPPRT,0.00603121362214702,0.00603121326615,0.00603121362214701
CUabcpp,0.0,0.0,0.0
DHQS,0.0236764858930228,0.0236764844955,0.0236764858930289
GTHRDH_syn,0.0,0.0,56.0721041710322
ANPRT,0.00350302603596881,0.0035030258292,0.00350302603596942
PC6AR_1,-2.5365378997211e-06,-2.53653789972109e-06,-2.53653774962004e-06
ADK1,0.488690279832182,0.40168796350684,112.632908003569
PRAIi,0.00350302603596881,0.0035030258292,0.00350302603596942
TRSARyr,0.0,0.0,0.0
CYNTtabcpp,0.0,0.0,0.0
RBPCcx,2.7983815498613,2.79838143895837,2.9685
UPP3S,0.00246417860370004,0.00246417845825,0.00246417860370003
DHNPA_1,3.78121114818885e-05,3.78121092500031e-05,3.78121114818917e-05
MOBDabcpp,0.0,0.0,0.0
NADK,2.51884112366194e-05,2.51884097500765e-05,2.51884112367328e-05
BIOMASS_RNA,0.00161066309507063,0.001610663,0.00161066309507062
NADTRHD,0.0821448589922004,-1000.0,69.8914122530563
PGM,-0.5467,-0.660557054708946,-0.546699999999987
FE3abcpp,0.00079411333037315,0.0007941132835,0.000794113330373219
DM_dialurate_c,2.5365378997211e-06,2.53653775e-06,2.53653789972109e-06
CO2tex,0.553,0.552999862080219,1.99000000000001
USHD2,0.0,0.0,0.0
DHNCOAT,9.96918383843874e-06,9.96918325e-06,9.96918383843872e-06
NPHBDC,8.84838802228291e-06,8.84838749997112e-06,8.84838802229108e-06
DM_co_c,0.00170017031060386,0.00170017021025,0.00170017031060415
HCO3E_1_cx,2.77039773436268,2.77039762456878,2.93881499999998
DESAT16a,0.00701827592763414,0.0070182755133601,0.00701827592763414
UAGDP,0.00678891416872088,0.006788913768,20.6068473833965
BIOMASS_CARB,0.0072531134281206,0.007253113,0.00725311342812058
EX_fe2_e,0.0,0.0,0.0
PQH2tcm,0.0,0.0,0.0
2PGLYCtcx,0.027983815498613,0.0279838143895837,0.029685
PDS1_1,0.0,0.0,0.000314048013586952
EX_cu2_e,0.0,0.0,0.0
FRTT,0.0013869722552171,0.00138697217335,0.00138697225521719
3OAS180,0.000282729593013332,0.000282729576325,0.00028272959301339
EAR80y,0.0163015386255109,0.0163015376633,0.0163015386255122
DM_5drib_c,5.14976182896865e-05,5.14976152500008e-05,5.14976182896864e-05
SK_amylose_c,-0.0395207312636983,-0.0395207312636983,-0.0395207299461617
EAR140y,0.0162885609897448,0.0162885600283,0.0162885609897461
EX_k_e,-7.66860295264519e-07,-7.66860295264515e-07,0.0
ACGS,0.0,0.0,0.0189659857447836
CYTBD4um,0.0,0.0,33.6838133661199
DHPPDA,1.51602381448447e-05,1.516023725e-05,1.51602381448447e-05
DHFR,3.78121114818885e-05,3.78121092500031e-05,3.78121114818917e-05
BCAROHX,0.000200742481398979,0.00020074246955,0.000200742481398979
SK_14glucan_c,0.0,0.0,0.0
SK_glycogen_c,0.0172,0.0172,0.0172
EX_h2o_e,0.276345916270935,-34.7600386786282,0.276441628950067
EX_o2_e,3.68906098103272,3.6890129643506,20.8414510712207
EX_co2_e,-0.553,-1.99,-0.552999862080219
EX_leu__L_e,0.0,0.0,0.0
MPOMC1_1,0.000748907044204814,0.000748907,0.000748907044204879
ERTHMMOR,0.0168471261273646,0.01684712513295,0.0168471261273645
EX_cobalt2_e,-2.5365378997211e-06,-2.53653789972109e-06,-2.53653775e-06
EX_no3_e,-0.492732635826876,-0.495832635826933,-0.492732606559997
EX_zn2_e,0.0,0.0,0.0
EX_fe3_e,-0.00079411333037315,-0.000794113330373074,-0.0007941132835
EX_so4_e,-0.00748482295932245,-0.00748482295932377,-0.007484822517525
AFAT,1.26237002451236e-05,1.26236995e-05,1.26237002451236e-05
EX_spmd_e,0.0,0.0,0.0
EX_mobd_e,0.0,0.0,0.0
DADK,0.0,0.0,0.0
G1SAT,0.0197134288296003,0.0197134276660336,0.0197134288296002
EX_ni2_e,0.0,0.0,0.0
UAAGDS,0.00339445708436044,0.003394456884,8.71880380941674
HEX1,0.0,0.0,112.144208342069
URIDK2r,-0.000251970493152752,-0.000251970493152752,-0.00025197047830261
CHPHYS,0.000748907044204814,0.000748907,0.000748907044204946
EX_na1_e,-5.89892534822411e-08,-5.89892534821782e-08,-5.89892499291977e-08
PIuabcpp,0.0413098040173303,0.0413098015789863,0.0413098053065524
ARGDHpp,0.0,0.0,0.0
PHETA1,-0.0130884047603032,-0.0130884047603031,-0.0130884039876946
PFK,0.0,0.0,112.144208342065
DMPPS_syn,0.0,0.0,0.00572752099026299
ANS2,0.00350302603596881,0.0,0.00350302603596955
3OAS160,0.0162885609897448,0.0162885600283,0.0162885609897461
ACHBSb,0.0168471261273646,0.01684712513295,0.0168471261273645
PC20M,2.5365378997211e-06,2.53653775e-06,2.53653789972109e-06
ADSS,0.00757921135604891,0.0075792109086819,0.0075792113560491
THRPDC,2.5365378997211e-06,2.53653775e-06,2.53653789972109e-06
MPOMOR_1,0.000748907044204814,0.000748907,0.000748907044204879
EX_cynt_e,0.0,0.0,0.0
IPPMIa,-0.0257900703323287,-0.0257900703323287,-0.0257900688100108
SPMS,4.34160905626681e-05,4.3416088e-05,4.3416090562668e-05
EX_h_e,-2.8195096193473,-2.82589836369041,-1.36950186504495
BPNT,0.00748482295932245,0.007484822517525,0.00748482295932243
ICDHyr,0.0763,0.0763,0.134995865935222
TMDS3,0.000251970493152752,0.00025197047828,0.000251970493152752
GLYOX_1,0.0,0.0,0.0
MTRI,4.34160905626681e-05,4.34160880331547e-05,4.3416090562668e-05
CTPS2,0.00170041232042815,0.00170041222006,56.0738045832524
FE3tex,0.00079411333037315,0.000794113283518527,0.000794113330373149
GTHS,0.0,0.0,56.0721041710323
AHSERL2_1,0.00444929163022286,0.0044492913676,0.00444929163022283
PEPC,0.1727,0.1727,0.258244142274283
CHORM,0.0201168301737114,0.0201168289862608,0.0201168301737113
NTRARf2,0.492732635826876,0.492732606560001,0.495832635826893
FE2tex,0.0,0.0,0.0
G6PDA,0.0,0.0,112.144208342064
MPML,0.000748907044204814,0.000748907,0.000748907044204879
Nat_Kpp,7.66860295264519e-07,0.0,0.0
PDH,0.169403411400309,0.169403387697303,0.28326048837949
TPI,-2.04537445753112,-2.16395788260637,-2.04537435650419
E4PD,1.29776357660149e-05,1.2977635e-05,1.29776357660149e-05
GAPD,0.0,0.0,995.016562949316
CPPPGO,0.00244907735480868,0.00244907721025,0.00244907735480867
PRMICI,0.00603121362214702,0.00603121326615,0.00603121362214701
CAT,0.0470288060935823,0.0,17.3710054691728
GLUR,-0.00339445708436044,-8.71880380941674,-0.00339445688405249
OCBT,0.0189022773510215,0.0189022762352806,0.0189659857447818
NI2tex,0.0,0.0,0.0
GLGC,0.0567207312636983,0.0567207299462,1000.0
PYK,0.326647028213954,0.0,112.470855373082
CA2t2pp,0.0,0.0,112.144208342073
ALAR,0.00678891416872088,0.00678891376799129,0.00678891416872147
SULR_2,0.00676034644268466,0.00676034604365,0.00676034644268465
ADCS,3.78121114818885e-05,3.78121092500031e-05,3.78121114818917e-05
UGMDDS,0.00339445708436044,0.003394456884,10.3034236916957
GLCDBRAN3,0.0,0.0,112.144208342044
IG3PS,0.00603121362214702,0.00603121326615,0.00603121362214701
RPI,0.934295026840492,0.934294980528983,0.99358674358031
NAt3pp,1.98999917415045,-55.5191051348044,1.98999994101075
MNtex,0.0,0.0,0.0
GLYCLTDx,-0.0280216276100948,-0.0297228121114819,-0.028021626498829
FMNRy_1,2.5365378997211e-06,2.53653775e-06,2.53653789972109e-06
GHMT2r,0.0163323895051588,0.0154817954645523,0.0624584004380861
COBALT2tex,2.5365378997211e-06,2.53653774962004e-06,2.53653789972115e-06
PGPP_OLE_PALM,5.03355299960934e-05,5.0335527025e-05,5.03355299960933e-05
CU2tex,0.0,0.0,0.0
MEOHtrpp,0.0,-1.29775636877407e-05,0.0
MEOHtex,0.0,-1.29775636877409e-05,0.0
H2Otcx,0.0,0.0,0.0
Zn2tex,0.0,0.0,0.0
EX_photon410_e,0.0,-164.090842624859,0.0
EX_photon430_e,-0.000748907044204814,-163.747498609428,0.0
EX_photon450_e,0.0,-162.723075419225,0.0
EX_photon470_e,0.0,-158.110364627371,0.0
EX_photon490_e,0.0,-158.110364627371,0.0
EX_photon510_e,0.0,-158.110364627371,0.0
DM_amob_c,1.29776357660149e-05,1.2977635e-05,1.29776357660149e-05
ADNK1,0.000834972365034886,0.000834972315750076,112.14504331438
OPMEACPD,1.29776357660149e-05,1.2977635e-05,1.29776357660149e-05
OPMEACPR,1.29776357660149e-05,1.2977635e-05,1.29776357660149e-05
EX_photon530_e,0.0,-174.999251093,0.0
EX_photon550_e,0.0,-174.999251093,0.0
SPP,1.53885009083181e-05,1.53885e-05,56.0721195595323
SPMDtex,0.0,0.0,0.0
AGPAT160,0.000959472005733573,0.0009594719491,0.000959472005733655
EX_photon570_e,-15.9281436671818,-174.999251093,0.0
EX_photon590_e,0.0,-174.999251093,0.0
EX_photon610_e,0.0,-174.999251093,0.0
AGPATACP_HDE_PALM,0.00691760486764195,0.006917604459325,0.0069176048676403
LEUtex,0.0,0.0,0.0
BTS6,1.29776357660149e-05,1.2977635e-05,1.29776357660149e-05
QUERT,0.0,0.0,0.0
EX_photon630_e,0.0,-174.999251093,0.0
EX_photon650_e,0.0,-175.0,0.0
EX_photon670_e,0.0,-174.999251093,0.0
EX_photon690_e,-19.2632972835513,-174.999251093,0.0
PMEACPE,1.29776357660149e-05,1.2977635e-05,1.29776357660149e-05
G3PAT160,0.000959472005733573,0.0009594719491,0.000959472005733655
GLUDGE_OLE_PALM,0.000680871660463973,0.000680871620275,0.000680871660463972
G3PAT161,0.00691760486764195,0.006917604459325,0.0069176048676403
HCO3tex,1.99,0.5529998620802,1.99000000000001
G3PAT1819Z_1,0.000251677649980467,0.000251677635125,0.000251677649980487
EPMEACPR,1.29776357660149e-05,1.2977635e-05,1.29776357660149e-05
GLUDGE_OLE_HDE,0.000100671059992187,0.00010067105405,0.000100671059992187
GLUDGE_OLE_PALM,0.000100671059992187,0.00010067105405,0.000100671059992187
GLUDGE_HDE_PALM,0.00481685007801828,0.0048168497937,0.00481685007801827
GLNtex,0.0,0.0,0.0
AGPAT161,0.0,0.0,0.0
AGPATACP_OLE_HDE,0.000100671059992187,0.00010067105405,0.000100671059992196
AGPATACP_OLE_PALM,0.00015100658998828,0.000151006581075,0.00015100658998876
GLUDGS_OLE_HDE,0.000100671059992187,0.00010067105405,0.000100671059992187
CYNTtex,0.0,0.0,0.0
GLUDGS_OLE_PALM,0.000100671059992187,0.00010067105405,0.000100671059992187
GLUDGS_HDE_PALM,0.00481685007801828,0.0048168497937,0.00481685007801827
ARGtex,0.0,0.0,0.0
GLUDGS_OLE_PALM,0.000680871660463973,0.000680871620275,0.000680871660463972
TYRTRS,0.00702842541340822,0.00702842499855,0.0070284254134082
DAGK160,0.0,0.0,112.144208342068
MOBDtex,0.0,0.0,0.0
DAGK_HDE_PALM,0.0,0.0,112.144208342068
DAGK161,0.0,0.0,112.144208342066
NH4tex,0.0031,0.0,0.00310000000001764
SQDGS_PALM_PALM,9.55095003125217e-05,9.5509494675e-05,9.55095003125215e-05
SO4tex,0.00748482295932245,0.00748482251754012,0.00748482295932377
SQDGS_HDE_PALM,0.000628967016325262,0.0006289669792,0.000628967016325261
PGPS_OLE_PALM,5.03355299960934e-05,5.0335527025e-05,5.03355299960933e-05
DGDGS_HDE_PALM,0.000822463565596545,0.00082246351705,0.000822463565596543
PTRCtex,0.0,0.0,0.0
DGDGS_PALM_PALM_c,0.000128295727397754,0.000128295719825,0.000128295727397754
NO3tex,0.492732635826876,0.492732606560026,0.495832635826988
DGDGS_OLE_HDE,5.03355299960934e-05,5.0335527025e-05,5.03355299960933e-05
DGDGS_OLE_PALM,5.03355299960934e-05,5.0335527025e-05,5.03355299960933e-05
CDPDAGS_OLE_PALM,5.03355299960934e-05,5.0335527025e-05,5.03355299960933e-05
GLNTRS,0.0150828283428255,0.01508282745255,0.0150828283428255
METTRS,0.00443631399445685,0.0044363137326,0.00443631399445683
SERTRS,0.0164955450471122,0.01649554407345,0.0164955450471122
NAtex,5.89892534822411e-08,5.89892579228035e-08,5.89892534821789e-08
PROTRS,0.0181927228072395,0.0181927217334,0.0181927228072394
GLYTRS,0.018841549709887,0.01884154859775,0.0188415497098869
CYSTRS,0.002250118913615,0.0022501187808,0.00225011891361499
CA2tex,0.0,0.0,0.0
ARGTRS,0.0189022773510215,0.0189022762353,0.0189022773510214
Ktex,7.66860295264519e-07,0.0,7.66860295264618e-07
TRPTRS,0.00350302603596881,0.0035030258292,0.0035030260359688
HISTRS,0.00603121362214702,0.00603121326615,0.00603121362214701
CO2tpp,0.553,0.552999862080219,1.99000000000001
PHETRS,0.0130884047603032,0.01308840398775,0.0130884047603031
EX_pi_e,-0.0413098040173303,-0.0413098053064173,-0.0413098015789122
ASNTRS,0.0140856165515644,0.01408561572015,0.0140856165515643
ASPTRS,0.0140856165515644,0.01408561572015,0.0140856165515643
UDPGLDC,0.0,0.0,0.0
PItex,0.0413098040173303,0.0413098015789896,0.0413098053065824
AGTi,999.612505016033,0.0,1000.0
DBTS,1.29776357660149e-05,1.2977635e-05,1.29776357660149e-05
THRTRS,0.0121455282268991,0.01214552751,0.0121455282268991
LEUTRS,0.0257900703323287,0.02579006881005,0.0257900703323287
ILETRS,0.0168471261273646,0.01684712513295,0.0168471261273645
CHLADMT_1,0.0,0.0,0.0
LYSTRS,0.0171283909915665,0.01712838998055,0.0171283909915664
AOXSr2,1.29776357660149e-05,1.29776350377142e-05,1.29776357660149e-05
AMAOTr,1.29776357660149e-05,1.29776350377142e-05,1.29776357660149e-05
LIPOS2,1.29776357660149e-05,1.2977635e-05,1.29776357660149e-05
ALATRS,0.0304085672501891,0.0304085654553,0.030408567250189
TRNFE,0.000204810688089108,0.000204810675995759,0.000204810688089108
VALTRS,0.0183077857062311,0.0183077846256,0.0183077857062311
FMETTRS,0.0,0.0,0.0
BACCL,1.29776357660149e-05,1.2977635e-05,1.29776357660149e-05
BTNPL2,0.0,0.0,0.0
LIPAMPL_1,0.0,0.0,0.0
LIPOCT,1.29776357660149e-05,1.2977635e-05,1.29776357660149e-05
LIPATPT_1,0.0,0.0,0.0
ZXANHX,0.000163030908123025,0.0001630308985,0.000163030908123024
PHOA410um,0.0,0.0,164.090842624859
PHOA430um,0.0,0.0,163.746749702428
CPH4S,0.0,0.0,0.0
OGMEACPR,1.29776357660149e-05,1.2977635e-05,1.29776357660149e-05
CDGS,0.0,0.0,0.0
PHOA450um,0.0,0.0,162.723075419225
PHOA470um,0.0,0.0,158.110364627371
PHOA490um,0.0,0.0,158.110364627371
CCGS,0.0,0.0,0.0
CDGR,0.0,0.0,0.0
PHOA510um,0.0,0.0,158.110364627371
PHOA530um,0.0,0.0,174.999251093
PLYCOI,0.000314048013586926,0.0,0.000314048013586929
PHOA550um,0.0,0.0,174.999251093
SAMTRI,0.0,0.0,0.0
EPXQR,0.0,0.0,0.0
UPPRT,0.0,0.0,0.0
PHOA570um,15.9281436671818,0.0,174.999251093
PHOA590um,0.0,0.0,174.999251093
PHOA610um,0.0,0.0,174.999251093
ZCARDS,0.000314048013586926,0.0,0.000314048013586929
PHOA630um,0.0,0.0,174.999251093
PHOA650um,0.0,0.0,174.999251093
PHOA670um,0.0,0.0,174.999251093
UDPGD,0.0,0.0,0.0
GMAND,0.0,0.0,0.0
GFUCS,0.0,0.0,0.0
PHOA690um,19.2632972835513,0.0,174.999251093
NADDP,0.0,0.0,112.144208342084
DM_pho_loss_c,0.79640718335909,0.0,101.625379480321
ETCHLAS,0.0,0.0,147.681758362371
ETBCARO,0.0,0.0,145.461535457179
COLIPAabcex,0.00408618220994551,0.00408618196875546,0.0040861822099455
MLDCP1App,0.0,0.0,0.0
CDPGLC46DH,0.0,0.0,0.0
AACPS6,0.0,0.0,0.0
ALDR18,3.10519430328648e-05,3.10519412e-05,3.10519430328648e-05
ALDDC17,3.10519430328648e-05,3.10519412e-05,3.10519430328648e-05
ALCD19,0.0,0.0,0.0
THZT,1.25647109916417e-05,1.25647102500008e-05,1.25647109916417e-05
MLDCP1Bpp,0.0,0.0,0.0
PHYPQOX,0.000314048013586926,0.0,0.000314048013586929
MLDCP2App,0.0,0.0,0.0
MLDCP2Bpp,0.0,0.0,0.0
LALGP,0.0,0.0,8.71540935253271
AGM4Pt2pp,0.0,0.0,10.3000292348142
AGMt2pp,0.0,0.0,9.44169346525165
CXANHX,7.02228591449583e-06,7.0222855e-06,7.02228591449581e-06
OGMEACPS,1.29776357660149e-05,1.2977635e-05,1.29776357660149e-05
A5PISO,0.0,0.0,0.0
KDOPS,0.0,0.0,0.0
KDOPP,0.0,0.0,0.0
EX_meoh_e,0.0,0.0,1.29775636877411e-05
NO2tex,0.0,0.0,0.0
KDOCT2,0.0,0.0,0.0
EGMEACPR,1.29776357660149e-05,1.2977635e-05,1.29776357660149e-05
DXYTST,1.25647109916417e-05,1.25647102500008e-05,1.25647109916417e-05
UAG2E,0.0,0.0,0.0
OANTS,0.0,0.0,0.0
ACGAMT,0.0,0.0,0.0
Htabcpp,0.829510445196852,0.0,112.973674551946
ETAPCPSII,15.9281436671818,0.0,174.999251093
STCHLPSIum,0.0,0.0,149.946265662893
DEXZEAX,0.0,0.0,12.6488291701895
PFOR,0.0,0.0,0.0
ACMAMT,0.0,0.0,0.0
ICLIPAabcpp,0.00408618220994551,0.00408618196875546,0.0040861822099455
ICLIPAS,0.0,0.0,0.0
MOAT_1,0.0,0.0,0.0
MPTG,0.00113148569478681,0.001131485628,5.1511461030328
MPTG2,0.00113148569478681,0.001131485628,3.43447456389926
UAGPT3,0.00339445708436044,0.003394456884,10.3034236916957
GLYCOX1,1.25647109916417e-05,1.25647102500008e-05,34.30142458668
UM4PL,0.0,0.0,10.3000292348141
UM3PL,0.0,0.0,10.3000292348117
PAPPT3,0.00339445708436044,0.003394456884,10.3034236916957
OANTIabcpp,0.00408618220994551,0.00408618196875546,0.0040861822099455
OANTILpp,0.00408618220994551,0.00408618196875546,0.0040861822099455
MDDCP1pp,0.0,0.0,5.15001461740711
MDDCP2pp,0.0,0.0,3.43334307826774
STACPSI,0.0,0.0,157.764103250365
UDCPDP,0.00339445708436044,0.003394456884,10.3034236916968
MLTGY1pp,0.0,0.0,5.15001461740633
ETCPC,15.9281436671818,0.0,174.999251093
GLYCOX2,0.0,0.0,34.3014120219676
NO2tabcpp,0.0,0.0,0.0
MLTGY2pp,0.0,0.0,0.0
MLTGY3pp,0.0,0.0,0.0
MLTGY4pp,0.0,0.0,3.43334307826774
AGM4PA,0.0,0.0,10.3000292348142
FALGTHLs,1.29776357660149e-05,0.0,1.29776357660159e-05
CLtex,0.0,0.0,0.0
EX_cl_e,0.0,0.0,0.0
AM3PA,0.0,0.0,10.3000292348144
AM4PA,0.0,0.0,10.3000292348142
SK_fum_c,0.0,0.0,3.44801100518599e-08
MALCOAMT,1.29776357660149e-05,1.2977635e-05,1.29776357660149e-05
DM_succ_c,0.0,0.0,3.44796388506569e-08
AGM3PApp,0.0,0.0,0.0
AGM4PApp,0.0,0.0,9.44169346525165
UM4PCP,0.0,0.0,10.3000292348141
SK_akg_c,0.0,0.0,2.75839567992486e-08
MDRPD,4.34160905626681e-05,4.3416088e-05,4.3416090562668e-05
NGAM_D1um,0.00170580662121778,0.00151456352328664,0.10483641900825
PSICRum,0.0,0.0,69.2957818625634
AM4PCP,0.0,0.0,10.3000292348144
4PCP,0.0,0.0,10.3000292348117
AGM4PCP,0.0,0.0,10.3000292348144
AGMH,0.0,0.0,10.3000292348141
PSIICRum,0.0,0.0,9.63547987484292
DM_ac_c,0.0,0.0,6.89598912157613e-08
AGM3PH,0.0,0.0,10.3000292348144
DM_lac__D_c,0.0,0.0,4.59732593383055e-08
ENOPH,4.34160905626681e-05,4.3416088e-05,4.3416090562668e-05
NGAM,0.0,0.0,33.6838133661189
QULNS,0.000128478594083402,0.000128478586500114,0.000128478594083443
AGM4PH,0.0,0.0,10.3000292348141
LADGMDH,0.0,0.0,8.71540935253271
ILETA,-0.0168471261273646,-0.0168471261273645,-0.0168471251329265
ALAGLUE,0.0,0.0,8.71540935253271
CELLSYN,0.0,0.0,0.0
ALAALAabcpp,0.0,0.0,0.0
LEUTA,-0.0257900703323287,-0.0257900703323287,-0.0257900688100108
ARD,4.34160905626681e-05,4.3416088e-05,4.3416090562668e-05
VALTA,0.338818328397565,-0.0183077857062333,70.2192857338897
NDPK3,0.00712917659619515,0.00686776741711041,0.00712917659620871
NDPK6,0.0,-0.00025197049315278,0.0
NDPK1,1.81978132331166,1.68208625788157,116.587794838115
4PEPTabcpp,0.0,0.0,9.44169346525165
ALAALAD,0.0,0.0,112.144208342072
ADPGLC,0.0,0.0,112.144208342084
NDPK8,0.000251970493152752,0.00025197047830261,0.000251970493152752
UNK3,4.34160905626681e-05,4.3416088e-05,4.3416090562668e-05
NDPK5,0.000312987130334306,0.000312987111897201,0.000312987130334305
DALAabcpp,0.0,0.0,10.3000292348117
NDPK4,0.000251970493152752,0.00025197047830261,0.000251970493152752
ZISO,0.000314048013586926,0.0,0.000314048013586929
NDPK2,0.0241365529808636,0.0241365515562393,112.168344893621
3OAR180,0.000282729593013332,0.000282729576269958,0.00028272959301339
3OAR140,0.0162885609897448,0.0162885600283289,0.0162885609897461
PAPA160,0.000776381160776495,0.00077638111495,112.144984723185
PHEOASE,0.0,0.0,0.0
PAPA_HDE_PALM,0.00544581709434354,0.0054458167729,112.149654158843
PAPA161,0.0,0.0,112.144208342066
PAPA_OLE_HDE,0.000100671059992187,0.00010067105405,112.144309013122
ACGK,0.0189659857447819,0.0189659846253,0.0189659857447835
MCTP2App,0.0,0.0,3.43334307826774
MCTP1App,0.0,0.0,5.15001461740633
MCTP1Bpp,0.0,0.0,0.0
LEUabcpp,0.0,0.0,0.0
ACLSa,0.0609544204464816,0.0609544168486,0.0609544204464814
SULabcpp,0.00748482295932245,0.007484822517525,0.00748482295932377
PAPA_OLE_PALM,0.000100671059992187,0.00010067105405,112.144309013122
TYRTA,-0.00702842541340822,-0.0070284254134082,-0.00702842499856615
ACLSb,0.044107294319117,0.04410729171565,0.0441072943191169
PHEOX_1,0.0,0.0,0.0
OPMEACPS,1.29776357660149e-05,1.2977635e-05,1.29776357660149e-05
EAR100y,0.0162885609897448,0.0162885600283,0.0162885609897461
EHGLAT,0.0,0.0,0.0
KAS15,0.0,0.0,0.0163015386255122
FALDH2,1.29776357660149e-05,0.0,1.29776357660159e-05
PHYTK,0.0,0.0,0.0
NDH_1_4_um_copy2,0.0,0.0,0.0
KARI_1,0.0168471261273646,0.01684712513295,0.0168471261273645
3HAD120,0.0162885609897448,0.0162885600283289,0.0162885609897461
OGMEACPD,1.29776357660149e-05,1.2977635e-05,1.29776357660149e-05
ACCOAC,0.114380522335823,0.114380515584425,0.114380522335833
ASPO5,0.000128478594083402,0.0,69.8093959044951
PTHPS,0.000885605662523556,0.00088560561025,0.000885605662523553
CITCIa,0.0168471261273646,0.0168471251329265,0.0168471261273645
DAGK_OLE_HDE,0.0,0.0,112.144208342068
DAGK_OLE_PALM,0.0,0.0,112.144208342068
3HAD100,0.0162885609897448,0.0162885600283289,0.0162885609897461
PNTK,9.4382805571148e-06,9.43827999999591e-06,9.43828055713098e-06
3OAR120,0.0162885609897448,0.0162885600283289,0.0162885609897461
3OAR60,0.0163015386255109,0.0163015376632529,0.0163015386255122
3OAR100,0.0162885609897448,0.0162885600283289,0.0162885609897461
3OAR80,0.0163015386255109,0.0163015376632529,0.0163015386255122
ALCD1,1.29776357660149e-05,0.0,1.29776357660159e-05
NDH_1_1_um_copy1,0.0,0.0,69.8092674257652
NDH_1_4_um_copy1,1.10602884407796,1.10602872525719,2.79705405479076
PCHLDA430,0.000748907044204814,0.0,0.000748907044204946
SFGTHi,1.29776357660149e-05,0.0,1.29776357660159e-05
PCHLDA650,0.0,0.0,0.000748907044204946
GGCLUT2,0.0,0.0,37.3814027806882
SPR,0.000885605662523556,0.00088560561025,0.000885605662523553
OPAH,0.0,0.0,37.3814027806882
ACGAMK,0.0,0.0,10.3000292348167
AMANAPEr,0.0,0.0,0.0
AGDC,0.0,0.0,20.6000584696333
ANHMK,0.0,0.0,10.3000292348142
RNDR4,0.000251970493152752,0.0,0.000251970493152802
TRPS2,0.00350302603596881,0.0,0.00350302603596942
PSICSum,17.3369675551962,17.3369664827498,158.365789565094
NAD_H2,0.0,0.0,34.3014120219669
PPND,0.00702842541340822,0.00702842499855,0.0070284254134082
CBFCum,9.63404063494385,8.66848324137457,79.2353158292265
ACM6PH,0.0,0.0,10.3000292348142
SUCR,0.0,0.0,56.0721041710335
CLt3_1pp,0.0,0.0,0.0
Ktu,0.0,0.0,0.0
THBTGT,0.000885605662523556,0.00088560561025,0.000885605662523553
FDH6,0.0,0.0,0.0468393010156041
PCXHtpp,0.0,0.0,112.144208342071
THISAT,1.25647109916417e-05,1.25647102500008e-05,1.25647109916417e-05
PSIIum,4.26451655304446,3.78640880821661,37.46887171505
ATPSum,4.66540904826227,4.59350230379123,44.5076723883411
CYSDES,1.25647109916417e-05,1.25647102500008e-05,1.25647109916417e-05
NO3abcpp,0.492732635826876,0.492732606560001,0.495832635826893
GLNabcpp,0.0,0.0,0.0
GLNS,0.101747545235517,0.101747539229794,112.245955881296
MDDEP1pp,0.0,0.0,5.15001461740711
THII,1.25647109916417e-05,1.25647102500008e-05,1.25647109916417e-05
SHS1,1.25647109916417e-05,1.256471025e-05,1.25647109916417e-05
PSIICSum,17.0580662121778,15.1456352328664,149.875486860197
NDH_1_1_um_copy2,0.0,0.0,0.0
ASNS1,0.0140856165515644,0.01408561572015,56.0861897867476
MDDCP3pp,0.0,0.0,5.15001461740711
MDDCP4pp,0.0,0.0,5.15001461740711
MDDCP5pp,0.0,0.0,0.0
MDDEP2pp,0.0,0.0,0.0
MDDEP3pp,0.0,0.0,5.15001461740633
MDDEP4pp,0.0,0.0,3.43334307826774
MNHNAtpp,0.0,0.0,27.1360636907451
MPTSS,0.0,0.0,0.0
MOADSUx,0.0,0.0,0.0
GTPC,0.0,0.0,0.0
CPMPS,0.0,0.0,0.0
MPTS,0.0,0.0,0.0
MPTAT,0.0,0.0,0.0
MOCOS,0.0,0.0,0.0
EX_sucr_e,0.0,0.0,0.0
EK_colipacy_e,0.00147178777329841,0.001471787686425,0.0014717877732984
CDPDAGS_HDE_PALM_c,0.00147178777329841,0.001471787686425,0.0014717877732984
PGPS_HDE_PALM_h,0.00408618220994551,0.00408618196875546,0.0040861822099455
PGPP_HDE_PALM_h,0.00147178777329841,0.001471787686425,0.0014717877732984
CDPDAGS_PALM_PALM_c,0.000183090844957078,0.00018309083415,0.000183090844957078
PGPS_PALM_PALM_h,0.000183090844957078,0.00018309083415,0.000183090844957078
PGPP160,0.000183090844957078,0.00018309083415,0.000183090844957078
OXGDC,-0.0107855753626465,-0.0107855978062599,0.0479102957138788
SSALy,-0.0107855753626465,-0.0107855978062599,0.0479102957138788
EX_sucr_e,0.0,0.0,0.0
CPMPS_1,0.0,0.0,0.0
